termino;freq_absoluta;freq_relativa;tf-idf;c-value
lingüística de corpus;375;0.392687;0.12452;743.0
clase de palabra;118;0.123566;0.008762;232.0
corpus de referencia;109;0.114141;0.0701;214.0
aplicación de consulta;102;0.106811;0.018671;200.0
construcción de corpus;81;0.08482;0.033427;158.0
lista de frecuencia;81;0.08482;0.013566;154.0
conjunto de texto;76;0.079585;0.003762;146.0
análisis de corpus;70;0.073302;0.041622;136.0
enseñanza de lengua;72;0.075396;0.006235;132.0
objeto de estudio;64;0.067019;0.045232;128.0
signo de puntuación;62;0.064924;0.002266;124.0
recuperación de información;59;0.061783;0.016826;118.0
creación de corpus;63;0.065971;0.033663;108.0
estudio de corpus;48;0.050264;0.015684;96.0
corpus en español;49;0.051311;0.029389;92.0
cantidad de texto;49;0.051311;0.011051;89.1429
propuesta de escritura;44;0.046075;0.006024;88.0
análisis de sentimiento;48;0.050264;0.004068;82.0
partir de corpus;43;0.045028;0.027685;78.0
explotación de corpus;50;0.052358;0.031817;76.0
anotación de corpus;36;0.037698;0.018038;72.0
espacio en blanco;33;0.034556;0.009659;66.0
frecuencia de aparición;32;0.033509;0.015772;64.0
lengua de herencia;30;0.031415;0.015793;60.0
diseño de corpus;31;0.032462;0.034073;58.0
compilación de corpus;28;0.029321;0.0226;56.0
herramienta de análisis;30;0.031415;0.008369;54.0
muestra de lengua;27;0.028273;0.006984;54.0
clasificación de texto;26;0.027226;0.000835;52.0
memoria de traducción;26;0.027226;0.011355;52.0
tipología de corpus;26;0.027226;0.025138;52.0
fuente de información;27;0.028273;0.021504;50.0
fragmento de texto;28;0.029321;0.002362;50.0
corpus de español;27;0.028273;0.036637;50.0
sigla en inglés;25;0.026179;0.001285;50.0
aprendizaje de lengua;30;0.031415;0.002971;50.0
lenguaje de programación;25;0.026179;0.014032;50.0
corpus de texto;27;0.028273;0.004701;49.0
procesador de texto;26;0.027226;0.007133;48.0
hoja de cálculo;23;0.024085;0.012388;46.0
corpus de tamaño;28;0.029321;0.021768;45.3333
estudio basado en corpus;19;0.019896;0.003534;44.1166
texto en formato electrónico;19;0.019896;0.004005;44.1166
concepto de corpus;24;0.025132;0.024948;44.0
palabra en corpus;21;0.02199;0.000709;42.0
editor de texto;21;0.02199;0.007916;42.0
frecuencia de inventario;21;0.02199;0.010706;42.0
contrato de agencia;23;0.024085;0.008711;42.0
sistema de anotación;25;0.026179;0.006387;41.0
texto en español;20;0.020943;0.006316;40.0
texto de prensa;20;0.020943;0.004933;40.0
grupo de investigación;22;0.023038;0.024284;40.0
tesis de licenciatura;20;0.020943;0.006472;40.0
señal de habla;19;0.019896;0.004107;38.0
variedad de lengua;19;0.019896;0.012892;38.0
clasificación de corpus;21;0.02199;0.010335;37.3333
texto en formato;30;0.031415;0.004886;37.0
archivo de audio;18;0.018849;0.00797;36.0
proyecto de investigación;18;0.018849;0.01623;36.0
texto de especialidad;18;0.018849;0.001412;36.0
objetivo de investigación;18;0.018849;0.005111;36.0
medio de comunicación;19;0.019896;0.004736;34.0
interfaz de búsqueda;17;0.017802;0.016015;34.0
conjunto de palabra;19;0.019896;0.002869;34.0
motor de búsqueda;17;0.017802;0.017943;34.0
consulta de corpus;17;0.017802;0.011649;34.0
gestor de corpus;17;0.017802;0.010893;34.0
investigación en traducción;17;0.017802;0.016509;34.0
lingüista de corpus;16;0.016755;0.020766;32.0
corpus de lengua;22;0.023038;0.022813;32.0
acto de habla;16;0.016755;0.008365;32.0
extracción de información;16;0.016755;0.015518;32.0
corpus de entrenamiento;16;0.016755;0.015483;32.0
corpus de estudio;16;0.016755;0.010489;32.0
volumen de texto;18;0.018849;0.008066;31.0
presente de indicativo;15;0.015707;0.010754;30.0
estudiante de español;15;0.015707;0.002971;30.0
criterio de selección;15;0.015707;0.001803;30.0
empleo de corpus;17;0.017802;0.022821;30.0
archivo de texto;19;0.019896;0.011049;28.0
utilización de corpus;16;0.016755;0.007358;28.0
análisis de texto;14;0.01466;0.002832;28.0
tema de investigación;14;0.01466;0.004638;28.0
retorno de carro;14;0.01466;0.004397;28.0
sistema de anotación semántico;12;0.012566;0.002869;27.8631
lengua en cuestión;13;0.013613;0.014975;26.0
sistema de escritura;13;0.013613;0.005913;26.0
tecnología de información;13;0.013613;0.003472;26.0
sistema de análisis;17;0.017802;0.004084;26.0
guía de anotación;15;0.015707;0.007988;26.0
formato de texto;16;0.016755;0.008515;26.0
recogida de material;12;0.012566;0.003796;24.0
modelo de lengua;12;0.012566;0.007193;24.0
pretérito de subjuntivo;12;0.012566;0.008116;24.0
definición de corpus;14;0.01466;0.020234;24.0
programa de reconocimiento óptico;10;0.010472;0.000709;23.2193
procesamiento de lenguaje natural;10;0.010472;0.012836;23.2193
cantidad de información;14;0.01466;0.018415;23.0
campo de investigación;16;0.016755;0.013006;23.0
noción de perspectiva;11;0.011519;0.008956;22.0
fenómeno de variación;11;0.011519;0.003222;22.0
contexto de ocurrencia;11;0.011519;0.007358;22.0
distribución de frecuencia;11;0.011519;0.003091;22.0
texto en lengua;13;0.013613;0.004954;22.0
campo de estudio;13;0.013613;0.014957;22.0
toma de decisión;11;0.011519;0.003091;22.0
procesamiento de texto;11;0.011519;0.006695;22.0
grado de dominio;11;0.011519;0.003962;22.0
sistema de codicación;11;0.011519;0.002408;22.0
chero de texto;11;0.011519;0.002341;22.0
texto escrito en español;9;0.009424;0.000709;20.8974
aplicación de búsqueda;10;0.010472;0.011549;20.0
corpus en sentido;15;0.015707;0.005175;20.0
adición de información;13;0.013613;0.015813;20.0
lengua en general;10;0.010472;0.022302;20.0
desarrollo de corpus;10;0.010472;0.008851;20.0
dato de entrenamiento;10;0.010472;0.001285;20.0
programa de análisis;10;0.010472;0.007492;20.0
elaboración de corpus;12;0.012566;0.012938;20.0
clave en contexto;10;0.010472;0.014931;20.0
línea de investigación;12;0.012566;0.00869;20.0
método de análisis;14;0.01466;0.001414;20.0
fecha de consulta;10;0.010472;0.009115;20.0
lenguaje de codicación;10;0.010472;0.001691;20.0
sistema de consulta;10;0.010472;0.006883;20.0
gestión de corpus;12;0.012566;0.015869;20.0
caja de búsqueda;10;0.010472;0.007913;20.0
utilidad de corpus;9;0.009424;0.000709;18.0
confección de corpus;9;0.009424;0.023344;18.0
indicación de clase;9;0.009424;0.001487;18.0
téngase en cuenta;9;0.009424;0.01537;18.0
mayoría de corpus;9;0.009424;0.003786;18.0
falta de información;9;0.009424;0.007563;18.0
corpus en traducción;9;0.009424;0.013503;18.0
fase de entrenamiento;9;0.009424;0.004522;18.0
área de estudio;9;0.009424;0.005676;18.0
existencia de corpus;9;0.009424;0.012104;18.0
área de especialidad;9;0.009424;0.004716;18.0
alineación de texto;9;0.009424;0.000709;18.0
método de investigación;11;0.011519;0.009606;18.0
encargo de traducción;13;0.013613;0.009773;18.0
conocimiento de español;9;0.009424;0.008341;18.0
carácter de texto;9;0.009424;0.000709;18.0
clase de corpus;9;0.009424;0.008054;18.0
elemento de marcaje;9;0.009424;0.003684;18.0
unidad de muestra;9;0.009424;0.008567;18.0
método de normalización;9;0.009424;0.008567;18.0
análisis de sentimiento basado;7;0.00733;0.00246;16.2535
posibilidad de recuperación;8;0.008377;0.0012;16.0
análisis de concordancia;8;0.008377;0.004588;16.0
aplicación de corpus;8;0.008377;0.000835;16.0
comunidad de habla;8;0.008377;0.006301;16.0
sistema de reconocimiento;13;0.013613;0.006716;16.0
esquema de anotación;8;0.008377;0.005804;16.0
cantidad de material;10;0.010472;0.009158;16.0
modelo de lenguaje;8;0.008377;0.004934;16.0
nombre de persona;8;0.008377;0.000709;16.0
sistema de almacenamiento;8;0.008377;0.008349;16.0
enseñanza de español;8;0.008377;0.011788;16.0
usuario de corpus;8;0.008377;0.0088;16.0
ventana de búsqueda;8;0.008377;0.010216;16.0
algoritmo de desambiguación;10;0.010472;0.009666;16.0
dominio de especialidad;8;0.008377;0.002032;16.0
corpus de especialidad;8;0.008377;0.006135;16.0
análisis semántico oracional;8;0.008377;0.006846;16.0
exploración de corpus;8;0.008377;0.013003;16.0
variante sin preposición;8;0.008377;0.002183;16.0
creador de corpus;8;0.008377;0.005074;16.0
referencia de latín;8;0.008377;0.010365;16.0
hablante de español;7;0.00733;0.007083;14.0
español mexicano contemporáneo;7;0.00733;0.022706;14.0
área de conocimiento;9;0.009424;0.001285;14.0
lengua de origen;7;0.00733;0.008188;14.0
aprendizaje de máquina;7;0.00733;0.011112;14.0
conjunto de entrenamiento;7;0.00733;0.004855;14.0
área de investigación;7;0.00733;0.003612;14.0
disponibilidad de corpus;7;0.00733;0.008194;14.0
estudiante de lengua;7;0.00733;0.002971;14.0
través de corpus;7;0.00733;0.006534;14.0
colección de corpus;9;0.009424;0.006357;14.0
término de búsqueda;9;0.009424;0.002834;14.0
corpus de prueba;7;0.00733;0.005941;14.0
traducción de calidad;9;0.009424;0.002926;14.0
análisis de información;7;0.00733;0.002346;14.0
grado de especialización;7;0.00733;0.011977;14.0
expresión de sentimiento;7;0.00733;0.002179;14.0
paquete de software;7;0.00733;0.007071;14.0
información sobre corpus;7;0.00733;0.002232;14.0
lemario de diccionario;7;0.00733;0.000709;14.0
índice de dispersión;7;0.00733;0.007989;14.0
expresión de búsqueda;7;0.00733;0.002088;14.0
propuesta de construcción;7;0.00733;0.008594;14.0
corpus de tamaño pequeño;6;0.006283;0.009716;13.9316
corpus de lengua digital;6;0.006283;0.007285;13.9316
análisis basado en corpus;6;0.006283;0.008924;13.9316
corpus de tamaño medio;6;0.006283;0.009411;13.9316
herramienta de búsqueda;8;0.008377;0.009415;12.0
metodología de corpus;6;0.006283;0.009233;12.0
signo de interrogación;6;0.006283;0.002696;12.0
estudio de carácter;6;0.006283;0.005532;12.0
programa de reconocimiento;16;0.016755;0.001918;12.0
indicación de frecuencia;6;0.006283;0.004027;12.0
conjunto de corpus;6;0.006283;0.016899;12.0
carácter de corpus;6;0.006283;0.013739;12.0
modalidad de lengua;6;0.006283;0.003442;12.0
técnica de análisis;6;0.006283;0.006278;12.0
reconocimiento de habla;6;0.006283;0.006503;12.0
introducción de texto;6;0.006283;0.001285;12.0
lengua en contexto;6;0.006283;0.001412;12.0
herramienta de consulta;6;0.006283;0.007925;12.0
entrada de diccionario;6;0.006283;0.000709;12.0
documento en formato;6;0.006283;0.004404;12.0
consulta en línea;6;0.006283;0.007855;12.0
equipo de investigación;6;0.006283;0.006043;12.0
compilador de corpus;6;0.006283;0.002926;12.0
ámbito de estudio;6;0.006283;0.005137;12.0
sistema de etiquetado;6;0.006283;0.013443;12.0
procesamiento de corpus;9;0.009424;0.010497;12.0
minería de texto;6;0.006283;0.002875;12.0
modelo de regresión;6;0.006283;0.000835;12.0
noticia de periódico;6;0.006283;0.00757;12.0
segmento de lengua;6;0.006283;0.004031;12.0
lenguaje en contexto;6;0.006283;0.010435;12.0
frecuencia por millón;6;0.006283;0.007938;12.0
frecuencia de ocurrencia;6;0.006283;0.004239;12.0
capacidad de memoria;6;0.006283;0.008291;12.0
variante con preposición;6;0.006283;0.001849;12.0
propuesta de clasificación;6;0.006283;0.011208;12.0
corpus en sentido estricto;5;0.005236;0.004915;11.6096
sistema de reconocimiento automático;5;0.005236;0.004075;11.6096
técnica de aprendizaje automático;5;0.005236;0.000835;11.6096
discurso mediado por ordenador;5;0.005236;0.011353;11.6096
algoritmo de aprendizaje automático;5;0.005236;0.000835;11.6096
lingüística de corpus computacional;5;0.005236;0.011822;11.6096
lengua de marco verbal;5;0.005236;0.003817;11.6096
archivo de texto plano;5;0.005236;0.006115;11.6096
parámetro de perspectiva;5;0.005236;0.007358;10.0
corpus en línea;5;0.005236;0.010351;10.0
versión en español;5;0.005236;0.002869;10.0
texto en cuestión;5;0.005236;0.010374;10.0
imperfecto de subjuntivo;5;0.005236;0.00963;10.0
proyecto de corpus;5;0.005236;0.003744;10.0
sistema de recuperación;5;0.005236;0.003744;10.0
sistema de búsqueda;5;0.005236;0.009058;10.0
posibilidad de consulta;5;0.005236;0.005918;10.0
fenómeno en cuestión;5;0.005236;0.00758;10.0
inclusión de texto;5;0.005236;0.000709;10.0
sistema de codificación;5;0.005236;0.007581;10.0
palabra en español;5;0.005236;0.000709;10.0
alternancia de diátesis;5;0.005236;0.002869;10.0
investigación sobre español;5;0.005236;0.002623;10.0
señal de audio;5;0.005236;0.003352;10.0
distribución de probabilidad;5;0.005236;0.004473;10.0
constitución de corpus;5;0.005236;0.011238;10.0
estado de lengua;5;0.005236;0.004933;10.0
creación de material;5;0.005236;0.002971;10.0
palabra en cuestión;5;0.005236;0.010623;10.0
final de palabra;5;0.005236;0.007047;10.0
actividad de investigación;5;0.005236;0.002175;10.0
corpus para español;5;0.005236;0.002971;10.0
investigación de corpus;5;0.005236;0.01009;10.0
criterio de clasificación;5;0.005236;0.001759;10.0
fecha de nacimiento;5;0.005236;0.005698;10.0
palabra por palabra;5;0.005236;0.00799;10.0
información de interés;5;0.005236;0.005327;10.0
verbo de movimiento;5;0.005236;0.001487;10.0
grado de complejidad;5;0.005236;0.010918;10.0
objeto de análisis;5;0.005236;0.008956;10.0
corpus de habla;7;0.00733;0.014348;10.0
registro de habla;5;0.005236;0.008144;10.0
subcorpus de español;5;0.005236;0.011479;10.0
término en español;5;0.005236;0.001759;10.0
corpus en lengua;9;0.009424;0.006607;10.0
lengua de partida;5;0.005236;0.006889;10.0
artículo de investigación;5;0.005236;0.006708;10.0
corpus en inglés;5;0.005236;0.014971;10.0
variedad de español;5;0.005236;0.005712;10.0
cambio de código;5;0.005236;0.005921;10.0
etiquetado de corpus;5;0.005236;0.006056;10.0
cambio de paradigma;5;0.005236;0.005681;10.0
modelo de representación;7;0.00733;0.004857;10.0
grado de similitud;5;0.005236;0.003802;10.0
lenguaje de especialidad;5;0.005236;0.000835;10.0
formato de salida;5;0.005236;0.004574;10.0
margen de error;9;0.009424;0.013186;10.0
ámbito de conocimiento;5;0.005236;0.008911;10.0
método de clasificación;11;0.011519;0.000835;10.0
algoritmo de aprendizaje;10;0.010472;0.001753;10.0
objeto de investigación;7;0.00733;0.011262;10.0
ámbito de investigación;5;0.005236;0.000835;10.0
sistema de clasificación;5;0.005236;0.004575;10.0
ámbito de especialidad;5;0.005236;0.006901;10.0
precisión de clasificación;5;0.005236;0.001414;10.0
sistema de transcripción;5;0.005236;0.006239;10.0
fórmula de tratamiento;5;0.005236;0.0047;10.0
búsqueda de texto;5;0.005236;0.003013;10.0
centro de investigación;5;0.005236;0.001759;10.0
ausencia de palabra;5;0.005236;0.004031;10.0
extracto de texto;5;0.005236;0.001412;10.0
hoja de estilo;5;0.005236;0.002391;10.0
velocidad de procesamiento;5;0.005236;0.003507;10.0
corpus en general;5;0.005236;0.011179;10.0
referencia de entidad;5;0.005236;0.002963;10.0
correspondencia entre sonido;5;0.005236;0.003684;10.0
medio de producción;5;0.005236;0.005181;10.0
opción de búsqueda;5;0.005236;0.005254;10.0
cláusula con verbo;5;0.005236;0.001691;10.0
variante con artículo;5;0.005236;0.001849;10.0
programa de gestión;5;0.005236;0.005377;10.0
medio de difusión;5;0.005236;0.005989;10.0
posibilidad de actualización;5;0.005236;0.005305;10.0
lingüística de corpus actual;4;0.004189;0.008788;9.2877
corpus de tamaño reducido;4;0.004189;0.006534;9.2877
traducción literal de palabra;4;0.004189;0.005097;9.2877
español basado en corpus;4;0.004189;0.000835;9.2877
análisis semántico de corpus;4;0.004189;0.004857;9.2877
determinado encargo de traducción;4;0.004189;0.005838;9.2877
pequeño margen de error;4;0.004189;0.005899;9.2877
mayor cantidad de información;4;0.004189;0.007579;9.2877
análisis contrastivo de interlengua;4;0.004189;0.00372;9.2877
corpus de mayor tamaño;4;0.004189;0.006486;9.2877
corpus de propósito general;4;0.004189;0.006214;9.2877
formato de texto plano;4;0.004189;0.007693;9.2877
corpus de carácter;7;0.00733;0.018376;9.0
aplicación de análisis;4;0.004189;0.003139;8.0
contexto de aparición;4;0.004189;0.005297;8.0
texto de origen;6;0.006283;0.006765;8.0
casilla de búsqueda;4;0.004189;0.003913;8.0
información de texto;4;0.004189;0.008801;8.0
partir de análisis;4;0.004189;0.001759;8.0
campo de lingüística;4;0.004189;0.001759;8.0
estándar de codificación;4;0.004189;0.008425;8.0
habla en español;4;0.004189;0.010351;8.0
partir de material;4;0.004189;0.003786;8.0
recopilación de corpus;4;0.004189;0.007204;8.0
falta de consenso;4;0.004189;0.0095;8.0
capacidad de almacenamiento;4;0.004189;0.003139;8.0
artículo de revista;4;0.004189;0.001285;8.0
ruido de fondo;4;0.004189;0.005417;8.0
documento de texto;4;0.004189;0.003817;8.0
capa de salida;4;0.004189;0.003066;8.0
campo de aplicación;4;0.004189;0.005102;8.0
muestra de corpus;4;0.004189;0.005031;8.0
equivalente en castellano;4;0.004189;0.003066;8.0
clase de lengua;4;0.004189;0.005031;8.0
criterio de representatividad;4;0.004189;0.002783;8.0
información de corpus;4;0.004189;0.000835;8.0
inglés británico hablado;4;0.004189;0.009136;8.0
selección de corpus;4;0.004189;0.009609;8.0
fase de diseño;4;0.004189;0.005821;8.0
fenómeno lingüístico concreto;4;0.004189;0.008636;8.0
cambio de significado;4;0.004189;0.009516;8.0
lengua de llegada;4;0.004189;0.010733;8.0
pregunta de investigación;7;0.00733;0.001753;8.0
corpus en formato;6;0.006283;0.008015;8.0
hipótesis de partida;4;0.004189;0.006095;8.0
corpus con topic;4;0.004189;0.004857;8.0
herramienta de traducción;8;0.008377;0.005418;8.0
elemento de información;4;0.004189;0.003299;8.0
sentido de palabra;4;0.004189;0.000709;8.0
análisis semántico distribucional;4;0.004189;0.002869;8.0
método de extracción;4;0.004189;0.000835;8.0
corpus de dominio;4;0.004189;0.005677;8.0
complemento de régimen;4;0.004189;0.004455;8.0
ordenador en español;4;0.004189;0.00978;8.0
aprendizaje automático supervisado;4;0.004189;0.001753;8.0
expresión de aspecto;4;0.004189;0.000835;8.0
objeto de opinión;4;0.004189;0.001753;8.0
función de enlace;4;0.004189;0.001993;8.0
copretérito de indicativo;4;0.004189;0.005113;8.0
estudio de morfología;4;0.004189;0.00268;8.0
totalidad de corpus;4;0.004189;0.002875;8.0
interfaz de consulta;4;0.004189;0.007415;8.0
cambio de letra;4;0.004189;0.001487;8.0
manejo de corpus;4;0.004189;0.002622;8.0
sintagma preposicional introducido;4;0.004189;0.001412;8.0
lista de paro;4;0.004189;0.003369;8.0
idea de corpus;4;0.004189;0.001487;8.0
grado de codicación;4;0.004189;0.001691;8.0
crecimiento en profundidad;4;0.004189;0.001849;8.0
lengua de corpus;4;0.004189;0.000709;8.0
distinción entre corpus;4;0.004189;0.007097;8.0
grado de detalle;4;0.004189;0.001691;8.0
construcción sin preposición;4;0.004189;0.001849;8.0
unidad de análisis;4;0.004189;0.00268;8.0
perspectiva de transcripción;4;0.004189;0.0047;8.0
frecuencia de documento;4;0.004189;0.00268;8.0
valor logarítmico natural;4;0.004189;0.006394;8.0
taxonomía de corpus;4;0.004189;0.004882;8.0
problema de traducción;4;0.004189;0.002254;8.0
corpus paralelo alineado;4;0.004189;0.02219;8.0
porcentaje de acierto;4;0.004189;0.00464;8.0
técnica de recogida;4;0.004189;0.00535;8.0
lengua de marco;7;0.00733;0.005379;7.0
sintagma nominal sin marcador;3;0.003141;0.005532;6.9658
corpus de carácter general;3;0.003141;0.006894;6.9658
adición de información gramatical;3;0.003141;0.00628;6.9658
propuesta de análisis morfosintáctico;3;0.003141;0.002696;6.9658
corpus en soporte electrónico;3;0.003141;0.002441;6.9658
máquina de soporte vectorial;3;0.003141;0.001753;6.9658
investigación en discurso académico;3;0.003141;0.005504;6.9658
enfoque basado en corpus;3;0.003141;0.006559;6.9658
modelo de espacio vectorial;3;0.003141;0.000835;6.9658
concepto de género textual;3;0.003141;0.003449;6.9658
algoritmo de reconocimiento óptico;3;0.003141;0.004592;6.9658
volumen de texto escrito;3;0.003141;0.003472;6.9658
sentimiento basado en aspecto;3;0.003141;0.001753;6.9658
determinado volumen de texto;3;0.003141;0.00539;6.9658
índice normalizado de dispersión;3;0.003141;0.005623;6.9658
corpus comparable de material;3;0.003141;0.003442;6.9658
valor de significación;3;0.003141;0.010245;6.0
conversión de texto;3;0.003141;0.005677;6.0
futuro de subjuntivo;3;0.003141;0.008279;6.0
concepción de corpus;3;0.003141;0.002875;6.0
conjunto textual formado;3;0.003141;0.000709;6.0
aplicación de recuperación;3;0.003141;0.004068;6.0
elemento de contraste;3;0.003141;0.005017;6.0
español en corpus;3;0.003141;0.003789;6.0
diccionario español basado;3;0.003141;0.005875;6.0
texto de llegada;3;0.003141;0.005873;6.0
grado de representatividad;3;0.003141;0.007886;6.0
análisis de carácter;3;0.003141;0.007074;6.0
tema de representatividad;3;0.003141;0.000835;6.0
español colonial mexicano;3;0.003141;0.009201;6.0
estudio con corpus;3;0.003141;0.004638;6.0
aplicación en revitalización;3;0.003141;0.002696;6.0
proyecto de construcción;3;0.003141;0.004153;6.0
corpus en cuestión;3;0.003141;0.009082;6.0
lista de corpus;3;0.003141;0.001285;6.0
idea de representatividad;3;0.003141;0.001803;6.0
elaboración de material;5;0.005236;0.003962;6.0
generación de texto;3;0.003141;0.003222;6.0
señal de entrada;3;0.003141;0.002696;6.0
segmento de habla;3;0.003141;0.004404;6.0
función de probabilidad;3;0.003141;0.002175;6.0
rata de error;3;0.003141;0.002175;6.0
problema de reconocimiento;3;0.003141;0.000835;6.0
función de transferencia;3;0.003141;0.002175;6.0
memoria de corto;3;0.003141;0.002696;6.0
tarea de clasificación;6;0.006283;0.001414;6.0
corpus de nasa;3;0.003141;0.002696;6.0
propuesta de alfabeto;3;0.003141;0.002696;6.0
construcción de conocimiento;3;0.003141;0.002175;6.0
etapa de crecimiento;3;0.003141;0.001285;6.0
recolección de corpus;3;0.003141;0.001285;6.0
estatus de pueblo;3;0.003141;0.002696;6.0
foco de interés;3;0.003141;0.002971;6.0
variación de lengua;3;0.003141;0.002971;6.0
investigación con corpus;3;0.003141;0.004655;6.0
conformación de corpus;3;0.003141;0.003669;6.0
corpus con finalidad;3;0.003141;0.002971;6.0
proyecto en colaboración;3;0.003141;0.005554;6.0
investigación de corte;3;0.003141;0.005455;6.0
fenómeno de interés;3;0.003141;0.002296;6.0
búsqueda de información;5;0.005236;0.007621;6.0
combinación de corpus;3;0.003141;0.002926;6.0
orden de frecuencia;3;0.003141;0.007104;6.0
ausencia de conector;3;0.003141;0.000709;6.0
árbol de decisión;3;0.003141;0.001414;6.0
velocidad de habla;3;0.003141;0.010519;6.0
material de investigación;3;0.003141;0.00271;6.0
fecha de creación;3;0.003141;0.007194;6.0
estudio de español;3;0.003141;0.003962;6.0
equivalente en español;3;0.003141;0.008371;6.0
lengua de traducción;3;0.003141;0.006353;6.0
área de traducción;3;0.003141;0.000835;6.0
herencia de español;3;0.003141;0.00708;6.0
muestra de conversación;3;0.003141;0.003883;6.0
área de interés;3;0.003141;0.000835;6.0
frecuencia de distribución;3;0.003141;0.000709;6.0
objetivo de análisis;3;0.003141;0.000835;6.0
herramienta de anotación;3;0.003141;0.000835;6.0
etiqueta con información;3;0.003141;0.003091;6.0
comienzo de oración;3;0.003141;0.003452;6.0
tema de debate;3;0.003141;0.003091;6.0
búsqueda por lema;3;0.003141;0.004744;6.0
partir de mediados;3;0.003141;0.003452;6.0
metodología de análisis;3;0.003141;0.004638;6.0
falta de coherencia;3;0.003141;0.005028;6.0
falta de comprensión;3;0.003141;0.007039;6.0
campo de especialidad;3;0.003141;0.004093;6.0
público en general;3;0.003141;0.003993;6.0
estructura de corpus;3;0.003141;0.000835;6.0
tema en particular;3;0.003141;0.002917;6.0
adquisición de conocimiento;3;0.003141;0.000835;6.0
revisión de literatura;3;0.003141;0.009036;6.0
metodología de obtención;3;0.003141;0.003472;6.0
creación de comunidad;3;0.003141;0.004682;6.0
probabilidad de clase;3;0.003141;0.000835;6.0
matriz de confusión;3;0.003141;0.001993;6.0
herramienta de comunicación;3;0.003141;0.001759;6.0
tarea de análisis;3;0.003141;0.002776;6.0
clasificación de sentimiento;3;0.003141;0.00246;6.0
clase de texto;3;0.003141;0.000709;6.0
línea sobre corpus;3;0.003141;0.00348;6.0
corpus de acuerdo;3;0.003141;0.005804;6.0
grado de competencia;3;0.003141;0.00271;6.0
diferencia entre corpus;5;0.005236;0.007476;6.0
futuro de indicativo;3;0.003141;0.006708;6.0
variación de género;3;0.003141;0.005775;6.0
combinación con artículo;3;0.003141;0.000709;6.0
distribución por zona;3;0.003141;0.000709;6.0
desarrollo de software;3;0.003141;0.009453;6.0
técnica de obtención;3;0.003141;0.000709;6.0
material de apoyo;3;0.003141;0.002875;6.0
noción de representatividad;3;0.003141;0.005023;6.0
principio de adecuación;3;0.003141;0.006033;6.0
fase de planeación;3;0.003141;0.004868;6.0
investigación sobre adquisición;3;0.003141;0.003883;6.0
aparición de corpus;3;0.003141;0.004005;6.0
posibilidad de falla;3;0.003141;0.001412;6.0
texto de acuerdo;3;0.003141;0.001412;6.0
verbo en innitivo;3;0.003141;0.003247;6.0
sintagma nominal modicado;3;0.003141;0.001412;6.0
concepto de democracia;3;0.003141;0.002963;6.0
programa de etiquetado;3;0.003141;0.003629;6.0
modalidad de corpus;3;0.003141;0.005867;6.0
índice de frecuencia;3;0.003141;0.004216;6.0
lenguaje de marcado;3;0.003141;0.01039;6.0
análisis de discurso;3;0.003141;0.003618;6.0
procedimiento de obtención;3;0.003141;0.000709;6.0
jugo de limón;3;0.003141;0.001487;6.0
opción de consulta;3;0.003141;0.000709;6.0
concepto de representatividad;3;0.003141;0.006166;6.0
elemento de carácter;3;0.003141;0.000709;6.0
fecha de entrada;3;0.003141;0.001487;6.0
chero de audio;3;0.003141;0.001487;6.0
fragmento de audio;3;0.003141;0.0012;6.0
conocimiento lingüístico propio;3;0.003141;0.001487;6.0
lingüista de sillón;3;0.003141;0.003162;6.0
principio de explicabilidad;3;0.003141;0.000709;6.0
sistema de explotación;3;0.003141;0.002718;6.0
grupo de corpus;3;0.003141;0.0012;6.0
rojo en prensa;3;0.003141;0.002183;6.0
cuerpo de letra;3;0.003141;0.000709;6.0
medio de publicación;3;0.003141;0.000709;6.0
secuencia en cuestión;3;0.003141;0.001487;6.0
sistema de etiquetación;3;0.003141;0.0012;6.0
cación de corpus;3;0.003141;0.0012;6.0
curva de crecimiento;3;0.003141;0.009006;6.0
elemento gramatical distinto;3;0.003141;0.000709;6.0
fecha de clasicación;3;0.003141;0.001487;6.0
posibilidad de aparición;3;0.003141;0.00268;6.0
operador de distancia;3;0.003141;0.001487;6.0
adjetivo de color;3;0.003141;0.000709;6.0
opción de proximidad;3;0.003141;0.002579;6.0
perífrasis sin preposición;3;0.003141;0.001487;6.0
función de sujeto;3;0.003141;0.004597;6.0
grado de anotación;3;0.003141;0.0012;6.0
aumento de tamaño;3;0.003141;0.001487;6.0
comienzo de línea;3;0.003141;0.0012;6.0
opción de visualización;3;0.003141;0.00271;6.0
perspectiva de análisis;3;0.003141;0.007762;6.0
estudio lingüístico basado;3;0.003141;0.00268;6.0
alternativa de normalización;3;0.003141;0.005623;6.0
línea de tendencia;3;0.003141;0.00268;6.0
fase de compilación;3;0.003141;0.007125;6.0
fecha de publicación;3;0.003141;0.005294;6.0
indexación de corpus;3;0.003141;0.002254;6.0
salto de línea;3;0.003141;0.002254;6.0
control de calidad;3;0.003141;0.006323;6.0
herramienta de exportación;3;0.003141;0.004799;6.0
resto de información;3;0.003141;0.005948;6.0
criterio de recopilación;3;0.003141;0.003534;6.0
cáncer de mama;3;0.003141;0.008434;6.0
método de obtención;3;0.003141;0.002242;6.0
concepto de colocación;3;0.003141;0.00548;6.0
categorización de corpus;5;0.005236;0.004267;6.0
variable independiente de siglo;2;0.002094;0.004882;4.6439
corpus de español peninsular;2;0.002094;0.004068;4.6439
sistema automático de análisis;2;0.002094;0.002175;4.6439
fuente de información textual;2;0.002094;0.004206;4.6439
importante fuente de información;2;0.002094;0.004808;4.6439
corpus de español general;2;0.002094;0.005409;4.6439
estrato mayor de lengua;2;0.002094;0.00419;4.6439
zona de intercambio comercial;2;0.002094;0.00419;4.6439
extracción de conocimiento lexicográfico;2;0.002094;0.003669;4.6439
docencia de dicho instituto;2;0.002094;0.00419;4.6439
motor electrónico de búsqueda;2;0.002094;0.005097;4.6439
orden decreciente de frecuencia;2;0.002094;0.003363;4.6439
formato de motor electrónico;2;0.002094;0.005097;4.6439
metodología de alcance exploratorio;2;0.002094;0.004441;4.6439
ingente cantidad de información;2;0.002094;0.005775;4.6439
contexto sintáctico de aparición;2;0.002094;0.003091;4.6439
etiqueta categorial por probabilidad;2;0.002094;0.003091;4.6439
corpus diacrónico de alemán;2;0.002094;0.003091;4.6439
capacidad computacional de análisis;2;0.002094;0.003091;4.6439
corpus en formato digital;2;0.002094;0.001414;4.6439
grado de acierto superior;2;0.002094;0.003091;4.6439
herramienta de análisis computacional;2;0.002094;0.002869;4.6439
corpus de pequeño tamaño;2;0.002094;0.001396;4.6439
determinado etiquetador con respecto;2;0.002094;0.003091;4.6439
único viable para corpus;2;0.002094;0.003091;4.6439
modelo estándar de análisis;2;0.002094;0.002869;4.6439
método basado en corpus;2;0.002094;0.001759;4.6439
análisis contrastivo en inglés;2;0.002094;0.002926;4.6439
computacional semiautomático de naturaleza;2;0.002094;0.002926;4.6439
pronombre personal de sujeto;2;0.002094;0.002926;4.6439
muestra interesante de combinación;2;0.002094;0.002926;4.6439
modelo de análisis semántico;2;0.002094;0.002869;4.6439
grado de probabilidad determinado;2;0.002094;0.002869;4.6439
elipsis de sintagma nominal;2;0.002094;0.002869;4.6439
texto en lengua original;2;0.002094;0.002926;4.6439
colección de corpus multilingüe;2;0.002094;0.002926;4.6439
grupo de investigación creado;2;0.002094;0.002926;4.6439
diccionario de cerámica industrial;2;0.002094;0.002926;4.6439
campo de batalla lingüístico;2;0.002094;0.002926;4.6439
interés de carácter general;2;0.002094;0.002926;4.6439
traducción con mayor precisión;2;0.002094;0.002926;4.6439
herramienta de libre acceso;2;0.002094;0.002926;4.6439
principal modelo de análisis;2;0.002094;0.002869;4.6439
nuevo topic en función;2;0.002094;0.002869;4.6439
mejor aprovechamiento de corpus;2;0.002094;0.002926;4.6439
curso básico de traducción;2;0.002094;0.002926;4.6439
discurso mediados por ordenador;2;0.002094;0.003472;4.6439
dominio geográfico con procedencia;2;0.002094;0.003472;4.6439
discurso hablado en español;2;0.002094;0.003472;4.6439
clítico en español actual;2;0.002094;0.003472;4.6439
algoritmo de dicho buscador;2;0.002094;0.003472;4.6439
impresión de mayor representatividad;2;0.002094;0.003472;4.6439
nuevo campo de estudio;2;0.002094;0.003472;4.6439
elevadísimo volumen de texto;2;0.002094;0.003472;4.6439
estudio de lingüística forense;2;0.002094;0.000835;4.6439
poder de clasificación prometedor;2;0.002094;0.001414;4.6439
corpus de texto escrito;2;0.002094;0.001412;4.6439
imprescindible distinción entre texto;2;0.002094;0.007786;4.6439
software de código abierto;2;0.002094;0.006645;4.6439
definición de corpus lingüístico;2;0.002094;0.004868;4.6439
corpus en formato electrónico;2;0.002094;0.005806;4.6439
software de reconocimiento óptico;2;0.002094;0.008113;4.6439
corpus de reducido tamaño;2;0.002094;0.006299;4.6439
enfoque guiado por corpus;2;0.002094;0.002978;4.6439
valor mínimo de frecuencia;2;0.002094;0.001759;4.6439
búsqueda de información conceptual;2;0.002094;0.002978;4.6439
cantidad de información posible;2;0.002094;0.004154;4.6439
mensaje de correo electrónico;2;0.002094;0.0012;4.6439
concepto de corpus manejado;2;0.002094;0.0012;4.6439
período de ciencia normal;2;0.002094;0.000709;4.6439
corpus de carácter diacrónico;2;0.002094;0.004471;4.6439
corpus de habla juvenil;2;0.002094;0.0012;4.6439
procesador de texto comercial;2;0.002094;0.0012;4.6439
línea en formato electrónico;2;0.002094;0.000709;4.6439
texto de español contemporáneo;2;0.002094;0.005451;4.6439
sustantivo en femenino plural;2;0.002094;0.000709;4.6439
texto escrito en latín;2;0.002094;0.000709;4.6439
sistema de anotación utilizado;2;0.002094;0.000709;4.6439
pluscuamperfecto de subjuntivo latino;2;0.002094;0.0012;4.6439
versión en texto plano;2;0.002094;0.003151;4.6439
formato de texto estructurado;2;0.002094;0.0012;4.6439
propuesta de tipología textual;2;0.002094;0.003204;4.6439
programa informático de ayuda;2;0.002094;0.00271;4.6439
gestión de corpus digital;2;0.002094;0.00271;4.6439
iniciativa de acceso abierto;2;0.002094;0.006085;4.6439
corpus colaborativo de carácter;2;0.002094;0.005699;4.6439
proyecto basado en corpus;2;0.002094;0.003366;4.6439
producción textual en lengua;2;0.002094;0.003366;4.6439
lengua de marco satélite;2;0.002094;0.003817;4.6439
creación de dicho corpus;2;0.002094;0.002254;4.6439
adquisición de vocabulario especializado;2;0.002094;0.006618;4.6439
agencia redactado en español;2;0.002094;0.00218;4.6439
contrato de agencia redactado;2;0.002094;0.00218;4.6439
presente contrato de agencia;2;0.002094;0.003691;4.6439
concepto de perfil combinatorio;2;0.002094;0.003888;4.6439
clasificación de corpus aplicable;2;0.002094;0.003442;4.6439
amplio espectro de utilización;2;0.002094;0.003442;4.6439
máquina de búsqueda;2;0.002094;0.004463;4.0
fecha de composición;2;0.002094;0.003025;4.0
error de edición;2;0.002094;0.004463;4.0
omne por omne;2;0.002094;0.004463;4.0
sangre de omne;2;0.002094;0.002636;4.0
principio de responsabilidad;2;0.002094;0.003025;4.0
construcción en cuestión;2;0.002094;0.004882;4.0
análisis de regresión;4;0.004189;0.005315;4.0
discurso en español;2;0.002094;0.006366;4.0
contexto de variación;2;0.002094;0.005251;4.0
verbo de conocimiento;2;0.002094;0.004882;4.0
empleo de subjuntivo;2;0.002094;0.008266;4.0
interacción entre siglo;2;0.002094;0.008266;4.0
clase de subordinada;2;0.002094;0.004882;4.0
probabilidad de ocurrencia;2;0.002094;0.001412;4.0
ámbito de actuación;2;0.002094;0.004027;4.0
través de internet;2;0.002094;0.009705;4.0
español por medio;2;0.002094;0.002971;4.0
análisis sintáctico automático;2;0.002094;0.008095;4.0
español peninsular actual;2;0.002094;0.004068;4.0
corpus en particular;2;0.002094;0.007241;4.0
metodología de diseño;2;0.002094;0.008092;4.0
sentido de corpus;2;0.002094;0.004701;4.0
fecha de redacción;2;0.002094;0.004065;4.0
investigación de carácter;2;0.002094;0.004065;4.0
sistema de correspondencia;2;0.002094;0.00641;4.0
escala de medición;2;0.002094;0.000835;4.0
posición con respecto;2;0.002094;0.003786;4.0
cambio de dirección;2;0.002094;0.009366;4.0
capacidad de cálculo;2;0.002094;0.000709;4.0
estudio de lingüística;4;0.004189;0.005137;4.0
décit de atención;2;0.002094;0.009366;4.0
enseñanza de nasa;2;0.002094;0.002175;4.0
corpus en nasa;2;0.002094;0.002175;4.0
diferencia entre lengua;2;0.002094;0.001285;4.0
método de compilación;2;0.002094;0.003133;4.0
fecha de inicio;2;0.002094;0.002439;4.0
técnica de aprendizaje;7;0.00733;0.001917;4.0
fase de clasificación;2;0.002094;0.002175;4.0
probabilidad de transición;2;0.002094;0.001285;4.0
tarea de reconocimiento;2;0.002094;0.001285;4.0
capa de entrada;2;0.002094;0.001917;4.0
modelo de clasificación;2;0.002094;0.000835;4.0
técnica de clasificación;2;0.002094;0.001285;4.0
estatus de lengua;2;0.002094;0.000709;4.0
teoría de información;2;0.002094;0.000835;4.0
texto por medio;2;0.002094;0.005911;4.0
material de audio;2;0.002094;0.002175;4.0
grado de dificultad;2;0.002094;0.004808;4.0
medida de exactitud;2;0.002094;0.001285;4.0
creación de contenido;2;0.002094;0.003762;4.0
juego de alfabetización;2;0.002094;0.002175;4.0
contexto de enseñanza;2;0.002094;0.002175;4.0
morfema de durativo;2;0.002094;0.002175;4.0
análisis morfosintáctico propuesto;2;0.002094;0.002175;4.0
falta de transmisión;2;0.002094;0.002175;4.0
grado de diferenciación;2;0.002094;0.002175;4.0
transmisión de información;2;0.002094;0.002175;4.0
equipo de educación;2;0.002094;0.002175;4.0
propuesta de representación;2;0.002094;0.003585;4.0
conocimiento práctico necesario;2;0.002094;0.002175;4.0
fonema fricativo postalveolar;2;0.002094;0.002175;4.0
recurso en línea;2;0.002094;0.00268;4.0
aprendizaje de español;2;0.002094;0.006333;4.0
soporte de investigación;2;0.002094;0.007148;4.0
escasez de corpus;2;0.002094;0.005059;4.0
actividad de aprendizaje;2;0.002094;0.002971;4.0
longitud de palabra;2;0.002094;0.003964;4.0
apoyo de corpus;2;0.002094;0.006199;4.0
profesor de lengua;2;0.002094;0.002971;4.0
variedad de corpus;2;0.002094;0.006522;4.0
texto en contexto;2;0.002094;0.002971;4.0
examen de muestra;2;0.002094;0.004031;4.0
registro de lengua;2;0.002094;0.000835;4.0
proyecto lexicográfico basado;2;0.002094;0.001759;4.0
sistema de diálogo;2;0.002094;0.003222;4.0
modelo de extracción;2;0.002094;0.003669;4.0
metodología de compilación;2;0.002094;0.005957;4.0
concepto de escritura;2;0.002094;0.00419;4.0
investigación en pragmática;2;0.002094;0.006896;4.0
grado de escolaridad;2;0.002094;0.00419;4.0
interfaz en línea;2;0.002094;0.005455;4.0
especialidad de derecho;2;0.002094;0.00419;4.0
vocabulario científico básico;2;0.002094;0.005455;4.0
análisis sintáctico parcial;2;0.002094;0.003669;4.0
gramática de autoridad;2;0.002094;0.005097;4.0
gama de corpus;4;0.004189;0.005222;4.0
combinación de diccionario;2;0.002094;0.00301;4.0
traducción en contexto;2;0.002094;0.005097;4.0
nombre de usuario;2;0.002094;0.004761;4.0
grado de facilidad;2;0.002094;0.006704;4.0
hoja de ruta;2;0.002094;0.004761;4.0
presencia de conector;2;0.002094;0.004404;4.0
velocidad de respuesta;2;0.002094;0.004623;4.0
grado de formación;2;0.002094;0.004404;4.0
patrón de comportamiento;2;0.002094;0.004031;4.0
fenómeno lingüístico específico;2;0.002094;0.004404;4.0
corpus en cuanto;2;0.002094;0.009895;4.0
corpus electrónico histórico;2;0.002094;0.008353;4.0
formación de corpus;2;0.002094;0.002623;4.0
registro de corpus;2;0.002094;0.004441;4.0
grado de interacción;2;0.002094;0.004441;4.0
sesión de discusión;2;0.002094;0.002623;4.0
defensa de tesis;2;0.002094;0.005504;4.0
corpus en función;2;0.002094;0.006207;4.0
recurso en construcción;2;0.002094;0.007182;4.0
exposición individual final;2;0.002094;0.004441;4.0
español académico peninsular;2;0.002094;0.004441;4.0
partícula de negación;2;0.002094;0.004845;4.0
gira en torno;2;0.002094;0.00622;4.0
expresión con valor;2;0.002094;0.004845;4.0
palabra en inglés;2;0.002094;0.003883;4.0
tópico de interés;2;0.002094;0.008801;4.0
población de origen;2;0.002094;0.005712;4.0
investigación en curso;2;0.002094;0.003373;4.0
tratamiento de corpus;2;0.002094;0.001414;4.0
cambio de perspectiva;2;0.002094;0.004119;4.0
estructura de negación;2;0.002094;0.000835;4.0
negación en español;2;0.002094;0.001414;4.0
modelo de desambiguación;2;0.002094;0.003091;4.0
grado de acierto;4;0.004189;0.005233;4.0
error de análisis;2;0.002094;0.003091;4.0
estrategia de desambiguación;2;0.002094;0.003091;4.0
permiso de circulación;2;0.002094;0.003091;4.0
contexto de desambiguación;2;0.002094;0.003091;4.0
registro de aplicación;2;0.002094;0.003091;4.0
propuesta de codificación;2;0.002094;0.003091;4.0
acceso por subscripción;2;0.002094;0.003091;4.0
metodología de evaluación;2;0.002094;0.003091;4.0
programa de conversión;2;0.002094;0.003091;4.0
conjunto de comparación;2;0.002094;0.003091;4.0
tasa de acuerdo;2;0.002094;0.003091;4.0
método de evaluación;2;0.002094;0.003091;4.0
margen de mejora;2;0.002094;0.003091;4.0
medida de referencia;2;0.002094;0.003091;4.0
modelo de entrenamiento;2;0.002094;0.003091;4.0
fecha de mayo;2;0.002094;0.003091;4.0
precisión en torno;2;0.002094;0.003091;4.0
corpus de medicina;2;0.002094;0.003091;4.0
corpus anotado revisado;2;0.002094;0.005233;4.0
corpus escrito general;2;0.002094;0.003091;4.0
etiquetado automático revisado;2;0.002094;0.003091;4.0
análisis morfológico correcto;2;0.002094;0.003091;4.0
estudio estilístico basado;2;0.002094;0.003091;4.0
marco teórico distribucional;2;0.002094;0.002869;4.0
información por redundancia;2;0.002094;0.002869;4.0
cálculo de similitud;2;0.002094;0.002869;4.0
valor de similitud;2;0.002094;0.002869;4.0
investigación en procesamiento;2;0.002094;0.002869;4.0
algoritmo de topic;2;0.002094;0.002869;4.0
herramienta de topic;2;0.002094;0.002869;4.0
cantidad por defecto;2;0.002094;0.002869;4.0
mínimo de programación;2;0.002094;0.002869;4.0
análisis de roles;2;0.002094;0.009475;4.0
paso sobre instalación;2;0.002094;0.002869;4.0
sistema de producción;2;0.002094;0.002926;4.0
especialista en traducción;2;0.002094;0.002926;4.0
paso de texto;2;0.002094;0.002926;4.0
equivalencia en abstracto;2;0.002094;0.002926;4.0
inquieto por naturaleza;2;0.002094;0.002926;4.0
expansión en inglés;2;0.002094;0.002926;4.0
repositorio de corpus;2;0.002094;0.002926;4.0
subcorpus de consulta;2;0.002094;0.002926;4.0
organización en torno;2;0.002094;0.002926;4.0
aprovechamiento de corpus;4;0.004189;0.002926;4.0
pediatría en francés;2;0.002094;0.002926;4.0
interfaz de acceso;2;0.002094;0.002926;4.0
modelo semántico distribucional;2;0.002094;0.002869;4.0
marco estructural conceptual;2;0.002094;0.002869;4.0
análisis semántico textual;2;0.002094;0.002869;4.0
anotación semántico universal;2;0.002094;0.002869;4.0
análisis semántico computacional;2;0.002094;0.006021;4.0
análisis semántico global;2;0.002094;0.002869;4.0
conocimiento lingüístico profundo;2;0.002094;0.002926;4.0
proyecto pedagógico multilingüe;2;0.002094;0.002926;4.0
mercado laboral actual;2;0.002094;0.002926;4.0
archivo europeo paralelo;2;0.002094;0.002926;4.0
paralelo multilingüe basado;2;0.002094;0.002926;4.0
análisis contrastivo minucioso;2;0.002094;0.002926;4.0
bloque textual específico;2;0.002094;0.002926;4.0
desarrollo tecnológico aplicado;2;0.002094;0.002926;4.0
guaje natural multilingüe;2;0.002094;0.002926;4.0
valor de término;2;0.002094;0.001414;4.0
área en particular;2;0.002094;0.001414;4.0
grado de termicidad;2;0.002094;0.001414;4.0
área de medicina;2;0.002094;0.001414;4.0
lista de referencia;2;0.002094;0.000835;4.0
esquema de clasificación;2;0.002094;0.001414;4.0
comparación de corpus;2;0.002094;0.000835;4.0
conteo de frecuencia;2;0.002094;0.001412;4.0
tema de sexualidad;2;0.002094;0.001412;4.0
tanto en cuanto;2;0.002094;0.003472;4.0
grado de sincronicidad;2;0.002094;0.003472;4.0
grado de dialogicidad;2;0.002094;0.003472;4.0
expectativa de respuesta;2;0.002094;0.003472;4.0
oposición entre escrituralidad;2;0.002094;0.003472;4.0
riación en general;2;0.002094;0.003472;4.0
deísmo en español;2;0.002094;0.003472;4.0
dificultad de recuperación;2;0.002094;0.003472;4.0
método de geolocalización;2;0.002094;0.003472;4.0
puesta en contacto;2;0.002094;0.003472;4.0
labor de sistematización;2;0.002094;0.003472;4.0
grado de anonimización;2;0.002094;0.003472;4.0
usuario en cuanto;2;0.002094;0.003472;4.0
método de acceso;2;0.002094;0.003472;4.0
procedimiento de recogida;2;0.002094;0.003472;4.0
comunicación por último;2;0.002094;0.003472;4.0
encuesta sobre equipamiento;2;0.002094;0.003472;4.0
paradigma en formación;2;0.002094;0.003472;4.0
normalización de texto;2;0.002094;0.001414;4.0
aspecto de interés;2;0.002094;0.000835;4.0
exactitud de clasificación;2;0.002094;0.000835;4.0
texto de prueba;2;0.002094;0.000835;4.0
entorno digital dado;2;0.002094;0.003472;4.0
paradigma pronominal reflexivo;2;0.002094;0.003472;4.0
enfoque filológico riguroso;2;0.002094;0.003472;4.0
complemento posesivo verbal;2;0.002094;0.003472;4.0
texto sobre deporte;2;0.002094;0.001414;4.0
texto de entrada;2;0.002094;0.000835;4.0
clasificador de sentimiento;2;0.002094;0.000835;4.0
emisor de opinión;2;0.002094;0.001414;4.0
fuente de conocimiento;2;0.002094;0.002032;4.0
ámbito de aplicación;2;0.002094;0.002727;4.0
palabra de sentimiento;2;0.002094;0.001414;4.0
recopilación de información;2;0.002094;0.00433;4.0
clasificación de polaridad;2;0.002094;0.001414;4.0
población en general;2;0.002094;0.001396;4.0
contraste de hipótesis;2;0.002094;0.001759;4.0
falta de representatividad;2;0.002094;0.001396;4.0
corpus lingüístico informatizado;2;0.002094;0.00271;4.0
material en español;2;0.002094;0.002346;4.0
valor de interés;2;0.002094;0.000835;4.0
bondad de ajuste;2;0.002094;0.001414;4.0
interacción entre género;2;0.002094;0.001414;4.0
ecuación de regresión;2;0.002094;0.001414;4.0
efecto de agrupación;2;0.002094;0.000835;4.0
supuesto de independencia;2;0.002094;0.000835;4.0
conjunto de pesos;2;0.002094;0.000835;4.0
método de etiquetado;2;0.002094;0.004649;4.0
efecto estadísticamente significativo;2;0.002094;0.001414;4.0
reserva de hotel;2;0.002094;0.003962;4.0
capa de anotación;2;0.002094;0.003962;4.0
tasa de error;2;0.002094;0.004224;4.0
grado de utilización;2;0.002094;0.004224;4.0
indicación en sentido;2;0.002094;0.006708;4.0
seña de identidad;2;0.002094;0.004638;4.0
proyecto de desarrollo;2;0.002094;0.007642;4.0
cabo con corpus;2;0.002094;0.008029;4.0
metodología de ciencia;2;0.002094;0.000709;4.0
noción de corpus;2;0.002094;0.006109;4.0
corpus en lexicografía;2;0.002094;0.007795;4.0
principio de equilibrio;2;0.002094;0.004868;4.0
especie de español;2;0.002094;0.004868;4.0
idioma de destino;2;0.002094;0.006826;4.0
subcorpus de control;2;0.002094;0.006826;4.0
enlace de acceso;2;0.002094;0.00962;4.0
adquisición de español;2;0.002094;0.006826;4.0
grado de espontaneidad;2;0.002094;0.005673;4.0
debate en torno;2;0.002094;0.005806;4.0
extracción de material;2;0.002094;0.00424;4.0
manual de usuario;2;0.002094;0.005873;4.0
texto jurídico inglés;2;0.002094;0.005806;4.0
consenso en cuanto;2;0.002094;0.006816;4.0
lenguaje en acto;2;0.002094;0.006299;4.0
organización de corpus;2;0.002094;0.00372;4.0
lenguaje en particular;2;0.002094;0.0037;4.0
texto sin formato;2;0.002094;0.002867;4.0
entidad de marcaje;2;0.002094;0.002391;4.0
etiqueta de apertura;2;0.002094;0.002391;4.0
lista de ltrado;2;0.002094;0.002391;4.0
clasica de acuerdo;2;0.002094;0.002391;4.0
grado de efectividad;2;0.002094;0.005171;4.0
software comercial desarrollado;2;0.002094;0.002391;4.0
propuesta de etiquetado;2;0.002094;0.002391;4.0
coeciente de dominio;2;0.002094;0.002391;4.0
texto de referencia;2;0.002094;0.000709;4.0
objeto de ciencia;2;0.002094;0.004041;4.0
conservación de material;2;0.002094;0.002978;4.0
detección de plagio;2;0.002094;0.002978;4.0
ayuda de corpus;2;0.002094;0.001759;4.0
característica de representatividad;2;0.002094;0.001759;4.0
corpus bilingüe alineado;2;0.002094;0.004197;4.0
atribución de autoría;2;0.002094;0.002978;4.0
cantidad de corpus;2;0.002094;0.004041;4.0
expresión por ende;2;0.002094;0.0012;4.0
zumo de limón;2;0.002094;0.001487;4.0
genial por sexo;2;0.002094;0.0012;4.0
curso de estadística;2;0.002094;0.00518;4.0
lanza en astillero;2;0.002094;0.0012;4.0
millón de lemas;2;0.002094;0.0012;4.0
diccionario de referencia;2;0.002094;0.0012;4.0
texto de español;4;0.004189;0.005451;4.0
potencia de cálculo;2;0.002094;0.0012;4.0
construcción con preposición;2;0.002094;0.0012;4.0
aplicación de anotación;2;0.002094;0.000709;4.0
tasa de retención;2;0.002094;0.000709;4.0
tema de presente;2;0.002094;0.0012;4.0
cambio de opinión;2;0.002094;0.000709;4.0
crecimiento en superficie;2;0.002094;0.0012;4.0
recolección de material;2;0.002094;0.002242;4.0
falta de atención;2;0.002094;0.0012;4.0
corpus de inglés;2;0.002094;0.005785;4.0
principio de exhaustividad;2;0.002094;0.002718;4.0
mediados de siglo;2;0.002094;0.0012;4.0
oposición entre lengua;2;0.002094;0.0012;4.0
existencia de diseño;2;0.002094;0.0012;4.0
grado de codi;2;0.002094;0.0012;4.0
texto con respecto;2;0.002094;0.000709;4.0
lengua de procedencia;2;0.002094;0.0012;4.0
sistema de codi;2;0.002094;0.000709;4.0
lista de correo;2;0.002094;0.002254;4.0
concepto de área;2;0.002094;0.000709;4.0
palabra de frecuencia;2;0.002094;0.000709;4.0
tamaño de letra;2;0.002094;0.000709;4.0
etiqueta de inicio;2;0.002094;0.000709;4.0
nombre de anotación;2;0.002094;0.002296;4.0
utilización de letra;2;0.002094;0.000709;4.0
alineación de transcripción;2;0.002094;0.000709;4.0
explotación en corpus;2;0.002094;0.005251;4.0
letra de tamaño;2;0.002094;0.000709;4.0
versión de demostración;2;0.002094;0.0012;4.0
existencia de anotación;2;0.002094;0.0012;4.0
sustantivo en femenino;4;0.004189;0.000709;4.0
diferencia en cuanto;2;0.002094;0.000709;4.0
muestra con claridad;2;0.002094;0.001979;4.0
verbo en subjuntivo;2;0.002094;0.00518;4.0
saussureana entre langue;2;0.002094;0.0012;4.0
distribución de zumo;2;0.002094;0.0012;4.0
falta de documentación;2;0.002094;0.0012;4.0
ordenación por defecto;2;0.002094;0.0012;4.0
problema de falta;2;0.002094;0.005325;4.0
frecuencia de utilización;2;0.002094;0.000709;4.0
mensaje de error;2;0.002094;0.000709;4.0
posibilidad de combinación;2;0.002094;0.000709;4.0
elemento con respecto;2;0.002094;0.000709;4.0
diferencia entre frecuencia;2;0.002094;0.000709;4.0
posibilidad de alternancia;2;0.002094;0.0012;4.0
carácter de elemento;2;0.002094;0.000709;4.0
paradigma verbal español;2;0.002094;0.0012;4.0
artículo en femenino;2;0.002094;0.001487;4.0
blusa de color;2;0.002094;0.0012;4.0
conversión en adjetivo;2;0.002094;0.000709;4.0
fenómeno en profundidad;2;0.002094;0.0012;4.0
ventana de lema;2;0.002094;0.002796;4.0
ausencia de preposición;2;0.002094;0.0012;4.0
error de aprendizaje;2;0.002094;0.000709;4.0
pronombre en posición;2;0.002094;0.0012;4.0
nombre de corpus;2;0.002094;0.000709;4.0
confusión con respecto;2;0.002094;0.007259;4.0
diferencia con respecto;2;0.002094;0.00268;4.0
ausencia de corpus;2;0.002094;0.002613;4.0
queja de ausencia;2;0.002094;0.0012;4.0
nombre de chero;2;0.002094;0.000709;4.0
opción por defecto;2;0.002094;0.002834;4.0
operador de disyunción;2;0.002094;0.0012;4.0
indicación de rango;2;0.002094;0.000709;4.0
operador de cuanticación;2;0.002094;0.0012;4.0
grado de conocimiento;2;0.002094;0.003534;4.0
paradigma de investigación;2;0.002094;0.004588;4.0
aprendizaje por descubrimiento;2;0.002094;0.004588;4.0
habilidad de transferencia;2;0.002094;0.004588;4.0
fuente de documentación;2;0.002094;0.00218;4.0
etapa de compilación;2;0.002094;0.00271;4.0
gráfico de distribución;2;0.002094;0.00271;4.0
experiencia de compilación;2;0.002094;0.002254;4.0
grado de formalidad;2;0.002094;0.002242;4.0
estadio de lengua;2;0.002094;0.004349;4.0
letra en cuestión;2;0.002094;0.0047;4.0
interrogación de corpus;2;0.002094;0.004891;4.0
aparición por documento;2;0.002094;0.00268;4.0
herramienta de enseñanza;2;0.002094;0.005699;4.0
corpus de latín;2;0.002094;0.005699;4.0
fase de etiquetado;2;0.002094;0.005083;4.0
formato de codificación;2;0.002094;0.002254;4.0
corpus general monolingüe;2;0.002094;0.005699;4.0
asistente de alineación;2;0.002094;0.003817;4.0
archivo de alineación;2;0.002094;0.003817;4.0
programa de transferencia;2;0.002094;0.003817;4.0
desplazamiento en alemán;2;0.002094;0.003817;4.0
unidad de búsqueda;2;0.002094;0.003817;4.0
alineación de corpus;5;0.005236;0.006323;4.0
texto paralelo alineado;2;0.002094;0.002254;4.0
sistema operativo compatible;2;0.002094;0.002254;4.0
estatus de corpus;2;0.002094;0.006693;4.0
utilización de lengua;2;0.002094;0.003953;4.0
falta de control;2;0.002094;0.005546;4.0
corpus en papel;2;0.002094;0.006138;4.0
fase de recogida;2;0.002094;0.006838;4.0
segmento de traducción;2;0.002094;0.003013;4.0
procedimiento de compilación;2;0.002094;0.004696;4.0
herramienta de alineación;2;0.002094;0.003013;4.0
herramienta de pago;2;0.002094;0.003013;4.0
interpretación con corpus;2;0.002094;0.006414;4.0
lengua en cuanto;2;0.002094;0.007317;4.0
posibilidad de exportación;2;0.002094;0.004799;4.0
contexto de aplicación;2;0.002094;0.004306;4.0
intervención de abogado;2;0.002094;0.005984;4.0
corpus de lenguaje;2;0.002094;0.002296;4.0
subcorpus científico especializado;2;0.002094;0.005984;4.0
contrato de mandato;2;0.002094;0.00218;4.0
derecho de exclusiva;2;0.002094;0.003691;4.0
protocolo de compilación;2;0.002094;0.003691;4.0
objeto de traducción;2;0.002094;0.003691;4.0
anotación en lingüística;2;0.002094;0.003915;4.0
sistema de exploración;2;0.002094;0.003888;4.0
concepto de gramaticalidad;2;0.002094;0.002296;4.0
fórmula de cálculo;2;0.002094;0.002296;4.0
grado de amplitud;2;0.002094;0.003442;4.0
canal de transmisión;2;0.002094;0.003442;4.0
identidad de género;2;0.002094;0.00535;4.0
calidad de sonido;2;0.002094;0.003796;4.0
capital cultural incorporado;2;0.002094;0.003796;4.0
estado actual factual;2;0.002094;0.003796;4.0
concepto de diccionario;2;0.002094;0.00877;4.0
