slug,tipo,categoria,categoria_en,forma_canonica_en,forma_canonica_es,variantes_en,variantes_es,frecuencia_en,documentos_en,frecuencia_es,documentos_es,laguna_en,laguna_es,sigla_de
plus_align,entidad,Herramientas y software,Tools and software,+Align,+Align,,,0,0,1,1,,,
accuracy,término,Procesamiento lingüístico,Linguistic processing,accuracy,exactitud,,,167,29,24,6,,,
actres,entidad,Recursos y corpus,Resources and corpora,ACTRES,ACTRES,Análisis Contrastivo y Traducción English-Spanish (0),Análisis Contrastivo y Traducción English-Spanish (2),2,1,11,3,,,Análisis Contrastivo y Traducción English-Spanish
alignment,término,Procesamiento lingüístico,Linguistic processing,alignment,alineación,,alineamiento (8),157,16,109,15,,,
annotated_corpus,término,Metodología y diseño,Methodology and design,annotated corpus,corpus anotado,,,126,16,81,17,,,
annotation,término,Procesamiento lingüístico,Linguistic processing,annotation,anotación,corpus annotation (134),anotación de corpus (37),1.744,38,644,38,,,
annotation_scheme,término,Procesamiento lingüístico,Linguistic processing,annotation scheme,esquema de anotación,,,127,15,10,4,,,
annotation_tool,término,Procesamiento lingüístico,Linguistic processing,annotation tool,herramienta de anotación,,,51,8,3,2,,,
antconc,entidad,Herramientas y software,Tools and software,AntConc,AntConc,,,138,9,36,10,,,
antpconc,entidad,Herramientas y software,Tools and software,AntPConc,AntPConc,,,2,1,2,2,,,
association_measure,término,Estadística y léxico,Statistics and lexicon,association measure,medida de asociación,,,105,6,6,3,,,
balance,término,Metodología y diseño,Methodology and design,balance,equilibrio,,,119,23,96,23,,,
balanced_corpus,término,Metodología y diseño,Methodology and design,balanced corpus,corpus equilibrado,,,34,9,13,8,,,
bank_of_english,entidad,Recursos y corpus,Resources and corpora,Bank of English,Bank of English,,,47,5,8,5,,,
bidtea,entidad,Recursos y corpus,Resources and corpora,BiDTEA,BiDTEA,Biblioteca Digital de Textos del Español Antiguo (0),Biblioteca Digital de Textos del Español Antiguo (10),0,0,16,4,,,Biblioteca Digital de Textos del Español Antiguo
bilingual_corpus,término,Metodología y diseño,Methodology and design,bilingual corpus,corpus bilingüe,,,34,3,30,11,,,
bitext2tmx,entidad,Herramientas y software,Tools and software,Bitext2tmx,Bitext2tmx,,,0,0,3,2,,,
bnc,entidad,Recursos y corpus,Resources and corpora,BNC,BNC,British National Corpus (121),British National Corpus (20) | Corpus Nacional Británico (1),936,25,61,14,,,British National Corpus
bncweb,entidad,Recursos y corpus,Resources and corpora,BNCWeb,BNCWeb,,,188,4,2,2,,,
bootcat,entidad,Herramientas y software,Tools and software,BootCaT,BootCaT,,,0,0,61,5,,,
brown_corpus,entidad,Recursos y corpus,Resources and corpora,Brown Corpus,Brown Corpus,,,214,15,65,17,,,
c_oral_rom,entidad,Recursos y corpus,Resources and corpora,C-ORAL-ROM,C-ORAL-ROM,,,0,0,21,8,,,
caes,entidad,Recursos y corpus,Resources and corpora,CAES,CAES,Corpus de Aprendices de Español (0),Corpus de Aprendices de Español (22),0,0,102,8,,,Corpus de Aprendices de Español
cate,entidad,Recursos y corpus,Resources and corpora,CATE,CATE,Corpus de Aprendices Taiwaneses de Español (0),Corpus de Aprendices Taiwaneses de Español (3),1,1,7,3,,,Corpus de Aprendices Taiwaneses de Español
cde_now,entidad,Recursos y corpus,Resources and corpora,CdE-NOW,CdE-NOW,Corpus del Español: NOW (0),Corpus del Español: NOW (1),0,0,3,1,,,Corpus del Español: NOW
cde_web,entidad,Recursos y corpus,Resources and corpora,CdE-Web,CdE-Web,Corpus del Español: Web/Dialectos (0),Corpus del Español: Web/Dialectos (1),0,0,4,1,,,Corpus del Español: Web/Dialectos
cdh,entidad,Recursos y corpus,Resources and corpora,CDH,CDH,Corpus del Nuevo Diccionario Histórico (0),Corpus del Nuevo Diccionario Histórico (14),0,0,114,13,,,Corpus del Nuevo Diccionario Histórico
cedel2,entidad,Recursos y corpus,Resources and corpora,CEDEL2,CEDEL2,Corpus Escrito del Español como L2 (0),Corpus Escrito del Español como L2 (9),0,0,36,9,,,Corpus Escrito del Español como L2
cemc,entidad,Recursos y corpus,Resources and corpora,CEMC,CEMC,Corpus del Español Mexicano Contemporáneo (2),Corpus del Español Mexicano Contemporáneo (25),4,1,69,10,,,Corpus del Español Mexicano Contemporáneo
charta,entidad,Recursos y corpus,Resources and corpora,CHARTA,CHARTA,Corpus Hispánico y Americano en la Red: Textos Antiguos (0),Corpus Hispánico y Americano en la Red: Textos Antiguos (13),0,0,46,10,,,Corpus Hispánico y Americano en la Red: Textos Antiguos
chi_squared,término,Estadística y léxico,Statistics and lexicon,chi-square,chi cuadrado,chi-squared (43),ji cuadrado (1),86,13,6,2,,,
chorus,entidad,Herramientas y software,Tools and software,Chorus,Chorus,,,0,0,3,1,,,
claws,entidad,Herramientas y software,Tools and software,CLAWS,CLAWS,Constituent Likelihood Automatic Word-tagging System (7),Constituent Likelihood Automatic Word-tagging System (0),113,13,0,0,,,Constituent Likelihood Automatic Word-tagging System
cleae,entidad,Recursos y corpus,Resources and corpora,CLEAE,CLEAE,Corpus Longitudinal de Español de Aprendientes Estonios (0),Corpus Longitudinal de Español de Aprendientes Estonios (5),0,0,20,1,,,Corpus Longitudinal de Español de Aprendientes Estonios
clustering,término,Procesamiento lingüístico,Linguistic processing,clustering,agrupamiento,,clustering (12) | análisis de conglomerados (7) | análisis de grupos (3),73,4,36,5,,,
cobuild,entidad,Recursos y corpus,Resources and corpora,COBUILD,COBUILD,Collins Birmingham University International Language Database (1),Collins Birmingham University International Language Database (5),19,5,40,15,,,Collins Birmingham University International Language Database
coca,entidad,Recursos y corpus,Resources and corpora,COCA,COCA,Corpus of Contemporary American English (49),Corpus of Contemporary American English (3) | Corpus de Inglés Americano Contemporáneo (0),340,13,6,4,,,Corpus of Contemporary American English
codea,entidad,Recursos y corpus,Resources and corpora,CODEA+,CODEA+,Corpus de Documentos Españoles Anteriores a 1800 (0),Corpus de Documentos Españoles Anteriores a 1800 (15),0,0,63,10,,,Corpus de Documentos Españoles Anteriores a 1800
coha,entidad,Recursos y corpus,Resources and corpora,COHA,COHA,Corpus of Historical American English (28),Corpus of Historical American English (3),95,10,8,3,,,Corpus of Historical American English
colligation,término,Estadística y léxico,Statistics and lexicon,colligation,coligación,,,33,4,2,1,,,
collocate,término,Estadística y léxico,Statistics and lexicon,collocate,colocado,,,320,11,11,6,,,
collocation,término,Estadística y léxico,Statistics and lexicon,collocation,colocación,,,409,22,189,18,,,
collocational_strength,término,Estadística y léxico,Statistics and lexicon,collocational strength,fuerza de asociación,,grado de asociación (2) | fuerza colocacional (0),2,2,8,5,,,
comparable_corpus,término,Metodología y diseño,Methodology and design,comparable corpus,corpus comparable,,,72,13,66,15,,,
computational_corpus_linguistics,término,Metodología y diseño,Methodology and design,computational corpus linguistics,lingüística de corpus computacional,,,0,0,13,2,propuesta,,
computational_linguistics,término,Metodología y diseño,Methodology and design,computational linguistics,lingüística computacional,,,131,25,105,19,,,
concgram,entidad,Herramientas y software,Tools and software,ConcGram,ConcGram,,,0,0,3,2,,,
concordance,término,Metodología y diseño,Methodology and design,concordance,concordancia,concordance line (16),línea de concordancia (6),239,23,353,32,,,
concordancer,término,Procesamiento lingüístico,Linguistic processing,concordancer,programa de concordancias,,concordanciador (0),36,8,6,5,,,
confidence_interval,término,Estadística y léxico,Statistics and lexicon,confidence interval,intervalo de confianza,,,54,7,0,0,,propuesta,
content_word,término,Estadística y léxico,Statistics and lexicon,content word,palabra de contenido,,,38,10,4,2,,,
corane,entidad,Recursos y corpus,Resources and corpora,CORANE,CORANE,Corpus para el Análisis de Errores de Aprendices de E/LE (0),Corpus para el Análisis de Errores de Aprendices de E/LE (3),0,0,6,2,,,Corpus para el Análisis de Errores de Aprendices de E/LE
corde,entidad,Recursos y corpus,Resources and corpora,CORDE,CORDE,Corpus Diacrónico del Español (0),Corpus Diacrónico del Español (50),0,0,360,26,,,Corpus Diacrónico del Español
corespi,entidad,Recursos y corpus,Resources and corpora,CORESPI,CORESPI,Corpus del Español de los Italianos (0),Corpus del Español de los Italianos (1),0,0,2,1,,,Corpus del Español de los Italianos
corlec,entidad,Recursos y corpus,Resources and corpora,CORLEC,CORLEC,Corpus Oral de Referencia de la Lengua Española Contemporánea (0),Corpus Oral de Referencia de la Lengua Española Contemporánea (10),0,0,42,10,,,Corpus Oral de Referencia de la Lengua Española Contemporánea
corlexin,entidad,Recursos y corpus,Resources and corpora,CorLexIn,CorLexIn,Corpus Léxico de Inventarios (0),Corpus Léxico de Inventarios (5),0,0,14,2,,,Corpus Léxico de Inventarios
corpes_xxi,entidad,Recursos y corpus,Resources and corpora,CORPES XXI,CORPES XXI,Corpus del Español del Siglo XXI (2),Corpus del Español del Siglo XXI (39),3,1,116,23,,,Corpus del Español del Siglo XXI
corpus,término,Metodología y diseño,Methodology and design,corpus,corpus,,,18.097,50,12.386,50,,,
corpus_building,término,Metodología y diseño,Methodology and design,corpus compilation,construcción de corpus,corpus building (94),compilación de corpus (23),137,17,59,22,,,
corpus_design,término,Metodología y diseño,Methodology and design,corpus design,diseño de corpus,,,319,20,42,19,,,
corpus_linguistics,término,Metodología y diseño,Methodology and design,corpus linguistics,lingüística de corpus,,,1.770,47,728,48,,,
corpus_query_language,término,Metodología y diseño,Methodology and design,corpus query language,lenguaje de consulta,,lenguaje de búsqueda de corpus (1) | lenguaje de consulta de corpus (0) | Corpus Query Language (2),1,1,4,3,,,
corpus_size,término,Metodología y diseño,Methodology and design,corpus size,tamaño del corpus,,,104,13,38,14,,,
corpus_based,término,Metodología y diseño,Methodology and design,corpus-based,basado en corpus,,corpus-based (95),416,38,215,36,,,
corpus_based_computational_linguistics,término,Procesamiento lingüístico,Linguistic processing,corpus-based computational linguistics,lingüística computacional de corpus,,,1,1,12,2,,,
corpus_based_translation_studies,término,Metodología y diseño,Methodology and design,corpus-based translation studies,estudios de la traducción basados en corpus,,ETBC (10) | estudios de traducción con corpus (5),7,2,18,4,,,
corpus_driven,término,Metodología y diseño,Methodology and design,corpus-driven,guiado por corpus,,corpus-driven (11) | dirigido por corpus (0),31,9,19,7,,,
cows_l2h,entidad,Recursos y corpus,Resources and corpora,COWS-L2H,COWS-L2H,Corpus of Written Spanish of L2 and Heritage Speakers (0),Corpus of Written Spanish of L2 and Heritage Speakers (1),0,0,3,1,,,Corpus of Written Spanish of L2 and Heritage Speakers
cqp,entidad,Herramientas y software,Tools and software,CQP,CQP,Corpus Query Processor (4),Corpus Query Processor (8),19,6,18,2,,,Corpus Query Processor
cqpweb,entidad,Herramientas y software,Tools and software,CQPweb,CQPweb,,,21,7,2,2,,,interfaz web de CQP (Corpus Query Processor)
crea,entidad,Recursos y corpus,Resources and corpora,CREA,CREA,Corpus de Referencia del Español Actual (0),Corpus de Referencia del Español Actual (46),0,0,383,31,,,Corpus de Referencia del Español Actual
cwb,entidad,Herramientas y software,Tools and software,CWB,CWB,Corpus Workbench (6),Corpus Workbench (18),12,5,60,4,,,Corpus Workbench
dataset,término,Procesamiento lingüístico,Linguistic processing,dataset,conjunto de datos,,dataset (7),178,29,44,12,,,
dependency_parsing,término,Procesamiento lingüístico,Linguistic processing,dependency parsing,análisis sintáctico de dependencias,,análisis de dependencias (2),5,4,8,4,,,
descriptive_statistics,término,Estadística y léxico,Statistics and lexicon,descriptive statistics,estadística descriptiva,,,56,8,4,2,,,
deviation_of_proportions,término,Estadística y léxico,Statistics and lexicon,deviation of proportions,desviación de proporciones,,,2,2,0,0,,propuesta,
diachronic_corpus,término,Metodología y diseño,Methodology and design,diachronic corpus,corpus diacrónico,,,59,13,166,30,,,
dispersion,término,Estadística y léxico,Statistics and lexicon,dispersion,dispersión,,,329,16,36,7,,,
dmi_tcat,entidad,Herramientas y software,Tools and software,DMI-TCAT,DMI-TCAT,Digital Methods Initiative Twitter Capture and Analysis Toolset (0),Digital Methods Initiative Twitter Capture and Analysis Toolset (0),0,0,4,1,,,Digital Methods Initiative Twitter Capture and Analysis Toolset
eagles,término,Tecnología y formatos,Technology and formats,EAGLES,EAGLES,Expert Advisory Group on Language Engineering Standards (2),Expert Advisory Group on Language Engineering Standards (3),8,4,41,11,,,Expert Advisory Group on Language Engineering Standards
ecpc,entidad,Recursos y corpus,Resources and corpora,ECPC,ECPC,European Comparable and Parallel Corpora of Parliamentary Speeches Archive (0),European Comparable and Parallel Corpora of Parliamentary Speeches Archive (2),0,0,8,2,,,European Comparable and Parallel Corpora of Parliamentary Speeches Archive
effect_size,término,Estadística y léxico,Statistics and lexicon,effect size,tamaño del efecto,,,60,8,0,0,,propuesta,
eleactar,entidad,Recursos y corpus,Resources and corpora,ELEACTAR,ELEACTAR,Corpus Tartuense de Español Estudiantil Académico (0),Corpus Tartuense de Español Estudiantil Académico (1),0,0,2,1,,,Corpus Tartuense de Español Estudiantil Académico
encoding,término,Tecnología y formatos,Technology and formats,encoding,codificación,,,160,16,263,29,,,
estenten,entidad,Recursos y corpus,Resources and corpora,esTenTen18,esTenTen18,,,3,1,53,14,,,
europarl,entidad,Recursos y corpus,Resources and corpora,Europarl,Europarl,European Parliament Proceedings Parallel Corpus (1),European Parliament Proceedings Parallel Corpus (3),19,3,18,6,,,European Parliament Proceedings Parallel Corpus
fono_ele,entidad,Recursos y corpus,Resources and corpora,Fono.Ele,Fono.Ele,,,0,0,7,2,,,
formulaic_language,término,Estadística y léxico,Statistics and lexicon,formulaic language,lenguaje formulaico,formulaic sequence (2),,10,6,0,0,,propuesta,
freeling,entidad,Herramientas y software,Tools and software,FreeLing,FreeLing,,,11,3,121,13,,,
frequency,término,Estadística y léxico,Statistics and lexicon,frequency,frecuencia,,,2.215,41,1.610,45,,,
frequency_per_million_words,término,Estadística y léxico,Statistics and lexicon,frequency per million words,frecuencia por millón de palabras,pmw (38),,50,11,6,3,,,
function_word,término,Estadística y léxico,Statistics and lexicon,function word,palabra funcional,,,89,13,10,3,,,
gdex,entidad,Herramientas y software,Tools and software,GDEX,GDEX,Good Dictionary Examples (0),Good Dictionary Examples (0),0,0,2,1,,,Good Dictionary Examples
general_corpus,término,Metodología y diseño,Methodology and design,general corpus,corpus general,,,128,10,72,18,,,
genex,entidad,Herramientas y software,Tools and software,GenEx,GenEx,,,0,0,2,1,,,
genre,término,Metodología y diseño,Methodology and design,genre,género,,,494,43,425,40,,,
gensim,entidad,Herramientas y software,Tools and software,Gensim,Gensim,,,0,0,34,2,,,
gentt,entidad,Recursos y corpus,Resources and corpora,GENTT,GENTT,Géneros Textuales para la Traducción (0),Géneros Textuales para la Traducción (2),0,0,8,4,,,Géneros Textuales para la Traducción
gephi,entidad,Herramientas y software,Tools and software,Gephi,Gephi,,,2,1,3,1,,,
global_voices,entidad,Recursos y corpus,Resources and corpora,Global Voices,Global Voices,,,0,0,3,2,,,
glowbe,entidad,Recursos y corpus,Resources and corpora,GloWbE,GloWbE,Corpus of Global Web-Based English (10),Corpus of Global Web-Based English (3),47,4,5,2,,,Corpus of Global Web-Based English
gold_standard,término,Procesamiento lingüístico,Linguistic processing,gold standard,estándar de oro,,gold standard (6),16,5,7,2,,,
grammar,término,Estadística y léxico,Statistics and lexicon,grammar,gramática,,,492,29,194,40,,,
grampal,entidad,Herramientas y software,Tools and software,Grampal,Grampal,,,0,0,24,2,,,
hapax_legomenon,término,Estadística y léxico,Statistics and lexicon,hapax legomenon,hápax,hapax (110),hapax legómeno (0),187,8,30,2,,,
header,término,Tecnología y formatos,Technology and formats,header,encabezado,,,111,7,16,6,,,
helsinki_corpus,entidad,Recursos y corpus,Resources and corpora,Helsinki Corpus,Helsinki Corpus,,,47,10,5,1,,,
historical_corpus,término,Metodología y diseño,Methodology and design,historical corpus,corpus histórico,,,59,15,41,9,,,
html,término,Tecnología y formatos,Technology and formats,HTML,HTML,HyperText Markup Language (5),HyperText Markup Language (5),226,27,221,31,,,HyperText Markup Language
inferential_statistics,término,Estadística y léxico,Statistics and lexicon,inferential statistics,estadística inferencial,,,19,6,5,2,,,
inline_annotation,término,Procesamiento lingüístico,Linguistic processing,inline annotation,anotación en línea,,,2,1,0,0,,propuesta,
inter_annotator_agreement,término,Procesamiento lingüístico,Linguistic processing,inter-annotator agreement,acuerdo entre anotadores,inter-rater reliability (15),acuerdo interanotador (0) | fiabilidad interevaluador (0) | inter-annotator agreement (3),37,6,9,3,,,
international_corpus_of_english,entidad,Recursos y corpus,Resources and corpora,International Corpus of English,International Corpus of English,,,52,14,6,4,,,
iula,entidad,Recursos y corpus,Resources and corpora,IULA,IULA,Corpus Técnico del IULA (0),Corpus Técnico del IULA (7),2,1,76,12,,,Corpus Técnico del IULA
ixa_pipes,entidad,Herramientas y software,Tools and software,IXA,IXA,,,0,0,4,2,,,
keyness,término,Estadística y léxico,Statistics and lexicon,keyness,keyness,,,86,8,2,2,,solo préstamo,
keyword,término,Estadística y léxico,Statistics and lexicon,keyword,palabra clave,,keyword (51),785,36,176,39,,,
keyword_analysis,término,Estadística y léxico,Statistics and lexicon,keyword analysis,análisis de palabras clave,,,130,11,2,1,,,
kwic,término,Metodología y diseño,Methodology and design,KWIC,KWIC,Key Word in Context (3),Key Word in Context (5),44,6,13,7,,,Key Word in Context
langsnap,entidad,Recursos y corpus,Resources and corpora,LANGSNAP,LANGSNAP,Languages and Social Networks Abroad Project (0),Languages and Social Networks Abroad Project (0),0,0,2,1,,,Languages and Social Networks Abroad Project
learner_corpus,término,Metodología y diseño,Methodology and design,learner corpus,corpus de aprendices,,corpus de aprendientes (68),94,11,111,13,,,
lemma,término,Procesamiento lingüístico,Linguistic processing,lemma,lema,,,145,16,631,27,,,
lemmatisation,término,Procesamiento lingüístico,Linguistic processing,lemmatisation,lematización,lemmatization (15),,49,8,102,23,,,
lesk_algorithm,término,Procesamiento lingüístico,Linguistic processing,Lesk algorithm,algoritmo de Lesk,,Lesk (2),0,0,4,2,propuesta,,
letrac,entidad,Recursos y corpus,Resources and corpora,LETRAC,LETRAC,Language Engineering for Translators Curricula (0),Language Engineering for Translators Curricula (2),0,0,6,2,,,Language Engineering for Translators Curricula
lexeme,término,Procesamiento lingüístico,Linguistic processing,lexeme,lexema,,,73,7,20,7,,,
lexical_bundle,término,Estadística y léxico,Statistics and lexicon,lexical bundle,grupo léxico,,,48,5,1,1,,,
lexico_grammar,término,Estadística y léxico,Statistics and lexicon,lexico-grammar,léxico-gramática,,,7,6,0,0,,propuesta,
lf_aligner,entidad,Herramientas y software,Tools and software,LF Aligner,LF Aligner,,,1,1,5,3,,,
llc,entidad,Recursos y corpus,Resources and corpora,LLC,LLC,London-Lund Corpus (28),London-Lund Corpus (10),73,9,20,6,,,London-Lund Corpus of Spoken English
lob,entidad,Recursos y corpus,Resources and corpora,LOB,LOB,LOB Corpus (123) | Lancaster-Oslo/Bergen Corpus (20),Lancaster-Oslo/Bergen (12),324,12,30,8,,,Lancaster-Oslo/Bergen Corpus
log_likelihood,término,Estadística y léxico,Statistics and lexicon,log-likelihood,log-verosimilitud,,,39,12,4,1,,,
mallet,entidad,Herramientas y software,Tools and software,MALLET,MALLET,MAchine Learning for LanguagE Toolkit (0),MAchine Learning for LanguagE Toolkit (2),0,0,20,2,,,MAchine Learning for LanguagE Toolkit
markup_language,término,Procesamiento lingüístico,Linguistic processing,markup language,lenguaje de marcado,,,41,10,11,4,,,
mean_score,término,Estadística y léxico,Statistics and lexicon,mean score,media aritmética,,valor medio (1) | puntuación media (0),77,2,2,1,,,
mega_corpus,término,Metodología y diseño,Methodology and design,mega corpus,megacorpus,,,46,6,10,4,,,
mellange,entidad,Recursos y corpus,Resources and corpora,MeLLANGE,MeLLANGE,Multilingual eLearning in LANGuage Engineering (0),Multilingual eLearning in LANGuage Engineering (4),1,1,10,2,,,Multilingual eLearning in LANGuage Engineering
metadata,término,Tecnología y formatos,Technology and formats,metadata,metadato,,,251,24,98,21,,,
micase,entidad,Recursos y corpus,Resources and corpora,MICASE,MICASE,Michigan Corpus of Academic Spoken English (13),Michigan Corpus of Academic Spoken English (0),43,5,0,0,,,Michigan Corpus of Academic Spoken English
monitor_corpus,término,Metodología y diseño,Methodology and design,monitor corpus,corpus monitor,,monitor (19),50,8,30,10,,,
monolingual_corpus,término,Metodología y diseño,Methodology and design,monolingual corpus,corpus monolingüe,,,37,3,29,14,,,
morphological_annotation,término,Procesamiento lingüístico,Linguistic processing,morphological annotation,anotación morfológica,,,7,2,11,5,,,
moving_average,término,Estadística y léxico,Statistics and lexicon,moving average,media móvil,,,0,0,16,1,propuesta,,
multilingual_corpus,término,Metodología y diseño,Methodology and design,multilingual corpus,corpus multilingüe,,,70,9,53,16,,,
must,entidad,Recursos y corpus,Resources and corpora,MUltilingual Student Translation,MUST,MUST (0),MUltilingual Student Translation (0),1,1,4,2,,,MUltilingual Student Translation
multimodal_corpus,término,Metodología y diseño,Methodology and design,multimodal corpus,corpus multimodal,,,61,4,29,10,,,
multinot,entidad,Recursos y corpus,Resources and corpora,MULTINOT,MULTINOT,,,0,0,8,3,,,
multitrans,entidad,Herramientas y software,Tools and software,MultiTrans,MultiTrans,,,0,0,2,2,,,
multiword_expression,término,Estadística y léxico,Statistics and lexicon,multiword expression,expresión multipalabra,,unidad multipalabra (8) | unidad pluriverbal (4),8,4,18,5,,,
mutual_information,término,Estadística y léxico,Statistics and lexicon,mutual information,información mutua,,,33,9,27,9,,,
n_gram,término,Estadística y léxico,Statistics and lexicon,n-gram,n-grama,ngram (19),n-gram (16),99,9,52,11,,,
named_entity_recognition,término,Procesamiento lingüístico,Linguistic processing,named entity recognition,reconocimiento de entidades nombradas,,,3,3,2,2,,,
national_corpus,término,Metodología y diseño,Methodology and design,national corpus,corpus nacional,,,200,26,4,3,,,
natural_language_processing,término,Metodología y diseño,Methodology and design,natural language processing,procesamiento del lenguaje natural,,,92,24,54,20,,,
nltk,entidad,Herramientas y software,Tools and software,NLTK,NLTK,Natural Language Toolkit (1),Natural Language Toolkit (4),8,3,8,4,,,Natural Language Toolkit
node_word,término,Estadística y léxico,Statistics and lexicon,node word,palabra nodo,,,18,5,1,1,,,
normalized_dispersion_index,término,Estadística y léxico,Statistics and lexicon,normalised dispersion index,índice normalizado de dispersión,,,0,0,3,1,propuesta,,
normalized_frequency,término,Estadística y léxico,Statistics and lexicon,normalized frequency,frecuencia normalizada,normalised frequency (8),,18,6,263,8,,,
notepad_plus_plus,entidad,Herramientas y software,Tools and software,Notepad++,Notepad++,,,15,4,5,3,,,
now_corpus,entidad,Recursos y corpus,Resources and corpora,NOW Corpus,NOW Corpus,News on the Web Corpus (6),News on the Web Corpus (4),13,3,19,4,,,News on the Web Corpus
occurrence,término,Estadística y léxico,Statistics and lexicon,occurrence,ocurrencia,,,463,32,134,25,,,
ode,entidad,Recursos y corpus,Resources and corpora,ODE,ODE,Oralia Diacrónica del Español (0),Oralia Diacrónica del Español (5),0,0,13,2,,,Oralia Diacrónica del Español
opportunistic_corpus,término,Metodología y diseño,Methodology and design,opportunistic corpus,corpus oportunista,,,15,2,8,5,,,
opus,entidad,Recursos y corpus,Resources and corpora,OPUS,OPUS,,,8,3,11,5,,,
parallel_corpus,término,Metodología y diseño,Methodology and design,parallel corpus,corpus paralelo,,,323,13,276,26,,,
parsing,término,Procesamiento lingüístico,Linguistic processing,parsing,análisis sintáctico,,,54,17,31,12,,,
word_class,término,Procesamiento lingüístico,Linguistic processing,part of speech,categoría gramatical,word class (90),clase de palabras (138),167,19,229,19,,,
pencil,entidad,Herramientas y software,Tools and software,PENCIL,PENCIL,,,1,1,1,1,,,
penn_treebank,entidad,Recursos y corpus,Resources and corpora,Penn Treebank,Penn Treebank,,,41,9,6,4,,,
perl,entidad,Herramientas y software,Tools and software,Perl,Perl,,,70,6,10,3,,,
phraseology,término,Estadística y léxico,Statistics and lexicon,phraseology,fraseología,,,13,7,9,6,,,
plain_text,término,Tecnología y formatos,Technology and formats,plain text,texto plano,,,36,10,43,11,,,
population,término,Estadística y léxico,Statistics and lexicon,population,población,,,307,17,111,21,,,
pos_disambiguation,término,Procesamiento lingüístico,Linguistic processing,POS disambiguation,desambiguación morfosintáctica,,,1,1,3,3,,,
pos_tagging,término,Procesamiento lingüístico,Linguistic processing,POS tagging,etiquetado morfosintáctico,part-of-speech tagging (82),etiquetado POS (1),178,20,26,9,,,
pragmatic_annotation,término,Procesamiento lingüístico,Linguistic processing,pragmatic annotation,anotación pragmática,,,17,4,10,5,,,
preseea,entidad,Recursos y corpus,Resources and corpora,PRESEEA,PRESEEA,Proyecto para el Estudio Sociolingüístico del Español de España y de América (2),Proyecto para el Estudio Sociolingüístico del Español de España y de América (13),10,1,114,14,,,Proyecto para el Estudio Sociolingüístico del Español de España y de América
probability,término,Estadística y léxico,Statistics and lexicon,probability,probabilidad,,,501,19,134,16,,,
query,término,Metodología y diseño,Methodology and design,query,consulta,corpus query (68),consulta de corpus (9),582,20,423,34,,,
range,término,Estadística y léxico,Statistics and lexicon,range,rango,,,584,37,0,0,,propuesta,
raw_frequency,término,Estadística y léxico,Statistics and lexicon,raw frequency,frecuencia absoluta,absolute frequency (16),frecuencia bruta (5),52,8,58,11,,,
recall,término,Procesamiento lingüístico,Linguistic processing,recall,exhaustividad,,,107,17,16,7,,,
reference_corpus,término,Metodología y diseño,Methodology and design,reference corpus,corpus de referencia,,,128,21,207,32,,,
regular_expression,término,Procesamiento lingüístico,Linguistic processing,regular expression,expresión regular,,,154,11,47,9,,,
relative_frequency,término,Estadística y léxico,Statistics and lexicon,relative frequency,frecuencia relativa,,,57,12,46,9,,,
representativeness,término,Metodología y diseño,Methodology and design,representativeness,representatividad,,,591,22,229,34,,,
rtweet,entidad,Herramientas y software,Tools and software,rtweet,rtweet,,,0,0,6,1,,,
sample,término,Estadística y léxico,Statistics and lexicon,sample,muestra,,,1.790,35,792,49,,,
sample_size,término,Metodología y diseño,Methodology and design,sample size,tamaño de la muestra,,tamaño muestral (2) | tamaño de muestra (0),217,9,20,10,,,
sampling_frame,término,Metodología y diseño,Methodology and design,sampling frame,marco de muestreo,,,92,5,0,0,,propuesta,
sampling_unit,término,Metodología y diseño,Methodology and design,sampling unit,unidad de muestra,,,80,1,9,1,,,
segmentation,término,Procesamiento lingüístico,Linguistic processing,segmentation,segmentación,,,28,14,29,9,,,
semantic_annotation,término,Procesamiento lingüístico,Linguistic processing,semantic annotation,anotación semántica,,,34,12,36,8,,,
semantic_preference,término,Estadística y léxico,Statistics and lexicon,semantic preference,preferencia semántica,,,3,2,3,2,,,
semantic_prosody,término,Estadística y léxico,Statistics and lexicon,semantic prosody,prosodia semántica,,,30,3,4,2,,,
seu,entidad,Recursos y corpus,Resources and corpora,SEU,SEU,Survey of English Usage (23),Survey of English Usage (17),43,7,64,10,,,Survey of English Usage
sgml,término,Tecnología y formatos,Technology and formats,SGML,SGML,Standard Generalized Markup Language (9),Standard Generalized Markup Language (3),73,9,30,6,,,Standard Generalized Markup Language
sketch_engine,entidad,Herramientas y software,Tools and software,Sketch Engine,Sketch Engine,,,24,8,118,16,,,
specialised_corpus,término,Metodología y diseño,Methodology and design,specialized corpus,corpus especializado,specialised corpus (40),,76,16,74,18,,,
splloc,entidad,Recursos y corpus,Resources and corpora,SPLLOC,SPLLOC,Spanish Learner Language Oral Corpora (0),Spanish Learner Language Oral Corpora (5),0,0,19,5,,,Spanish Learner Language Oral Corpora
speech_corpus,término,Metodología y diseño,Methodology and design,spoken corpus,corpus oral,speech corpus (245),,366,20,236,23,,,
spt,entidad,Recursos y corpus,Resources and corpora,SPT,SPT,Spanish Corpus Proficiency Level Training (0),Spanish Corpus Proficiency Level Training (8),0,0,15,3,,,Spanish Corpus Proficiency Level Training
sse,entidad,Recursos y corpus,Resources and corpora,SSE,SSE,Survey of Spoken English (4),Survey of Spoken English (5),10,2,10,4,,,Survey of Spoken English
standard_deviation,término,Estadística y léxico,Statistics and lexicon,standard deviation,desviación estándar,,,123,14,2,1,,,
stanford_parser,entidad,Herramientas y software,Tools and software,Stanford Parser,Stanford Parser,,,0,0,1,1,,,
stanza,entidad,Herramientas y software,Tools and software,Stanza,Stanza,,,0,0,16,2,,,
static_corpus,término,Metodología y diseño,Methodology and design,static corpus,corpus estático,,,7,3,3,2,,,
statistical_significance,término,Estadística y léxico,Statistics and lexicon,statistical significance,significación estadística,,significatividad estadística (5) | significancia estadística (0),43,12,11,3,,,
stem,término,Procesamiento lingüístico,Linguistic processing,stem,raíz,,stem (1),126,17,57,18,,,
stingray,entidad,Herramientas y software,Tools and software,Stingray,Stingray,,,0,0,1,1,,,
stopword,término,Estadística y léxico,Statistics and lexicon,stopword,palabra vacía,,,11,5,7,4,,,
stratified_sampling,término,Metodología y diseño,Methodology and design,stratified sampling,muestreo estratificado,,,11,2,0,0,,propuesta,
subcorpus,término,Metodología y diseño,Methodology and design,subcorpus,subcorpus,,,168,21,189,34,,,
synchronic,término,Metodología y diseño,Methodology and design,synchronic,sincrónico,,,94,16,76,23,,,
synchronic_corpus,término,Metodología y diseño,Methodology and design,synchronic corpus,corpus sincrónico,,,11,9,16,9,,,
syntactic_annotation,término,Procesamiento lingüístico,Linguistic processing,syntactic annotation,anotación sintáctica,,,32,7,13,9,,,
t_hoarder,entidad,Herramientas y software,Tools and software,T-Hoarder,T-Hoarder,,,0,0,5,1,,,
t_score,término,Estadística y léxico,Statistics and lexicon,t-score,puntuación t,,,16,3,6,1,,,
tagant,entidad,Herramientas y software,Tools and software,TagAnt,TagAnt,,,0,0,11,3,,,
tagger,término,Procesamiento lingüístico,Linguistic processing,tagger,etiquetador,,,199,25,165,12,,,
tagset,término,Procesamiento lingüístico,Linguistic processing,tagset,etiquetario,,conjunto de etiquetas (21) | tagset (19),204,15,80,10,,,
tei,término,Tecnología y formatos,Technology and formats,TEI,TEI,Text Encoding Initiative (18),Text Encoding Initiative (9),78,12,45,9,,,Text Encoding Initiative
telematic_corpus,término,Metodología y diseño,Methodology and design,telematic corpus,corpus telemático,,,0,0,7,1,propuesta,,
text_mining,término,Procesamiento lingüístico,Linguistic processing,text mining,minería de textos,,text mining (3),12,6,30,5,,,
text_type,término,Metodología y diseño,Methodology and design,text type,tipo de texto,,,265,24,140,27,,,
token,término,Procesamiento lingüístico,Linguistic processing,token,token,,,653,30,128,18,,solo préstamo,
tokenization,término,Procesamiento lingüístico,Linguistic processing,tokenization,tokenización,tokenisation (25),,62,15,13,6,,,
trados,entidad,Herramientas y software,Tools and software,Trados,Trados,SDL Trados Studio (0),SDL Trados Studio (17),0,0,24,4,,,
training_corpus,término,Metodología y diseño,Methodology and design,training corpus,corpus de entrenamiento,,,35,7,18,8,,,
transcriber,término,Procesamiento lingüístico,Linguistic processing,transcriber,transcriptor,,,17,9,26,2,,,
transit,entidad,Herramientas y software,Tools and software,Transit,Transit,Star Transit (0),Star Transit (2),0,0,5,3,,,
treebank,término,Procesamiento lingüístico,Linguistic processing,treebank,corpus anotado sintácticamente,,treebank (52) | banco de árboles (0),129,14,58,11,,,
treetagger,entidad,Herramientas y software,Tools and software,TreeTagger,TreeTagger,,,59,7,59,9,,,
tweepy,entidad,Herramientas y software,Tools and software,Tweepy,Tweepy,,,0,0,2,1,,,
type,término,Metodología y diseño,Methodology and design,type,tipo,,type (7),2.255,46,8,6,,,
ttr,término,Estadística y léxico,Statistics and lexicon,type-token ratio,relación entre types y tokens,TTR (75),TTR (31) | type-token ratio (14) | relación tipo-token (0) | ratio tipo-token (1),97,5,51,6,,,
ukb,entidad,Herramientas y software,Tools and software,UKB,UKB,,,0,0,6,2,,,
unicode,término,Tecnología y formatos,Technology and formats,unicode,unicode,,,59,10,9,5,,,
universal_dependencies,término,Tecnología y formatos,Technology and formats,Universal Dependencies,Universal Dependencies,,,28,5,6,3,,,
universal_pos,término,Tecnología y formatos,Technology and formats,Universal POS,Universal POS,UPOS (3),,7,3,2,2,,,
utf_8,término,Tecnología y formatos,Technology and formats,UTF-8,UTF-8,8-bit Unicode Transformation Format (1),8-bit Unicode Transformation Format (0),76,6,16,7,,,8-bit Unicode Transformation Format
valesco,entidad,Recursos y corpus,Resources and corpora,Val.Es.Co,Val.Es.Co,Corpus de Conversaciones Coloquiales (1),Corpus de Conversaciones Coloquiales (3),4,1,54,11,,,Corpus de Conversaciones Coloquiales
virtual_corpus,término,Metodología y diseño,Methodology and design,virtual corpus,corpus virtual,,,3,2,43,13,,,
web_as_corpus,término,Metodología y diseño,Methodology and design,web as corpus,web como corpus,,web as corpus (44),18,5,96,14,,,
web_corpus,término,Metodología y diseño,Methodology and design,web corpus,corpus web,,,37,7,15,4,,,
web_crawling,término,Metodología y diseño,Methodology and design,web crawling,web crawling,,rastreo web (0),16,6,8,3,,solo préstamo,
web_for_corpus,término,Metodología y diseño,Methodology and design,web for corpus,web para corpus,,web for corpus (5),0,0,8,2,propuesta,,
wildcard,término,Metodología y diseño,Methodology and design,wildcard,comodín,,wildcard (2),34,2,26,10,,,
wmatrix,entidad,Herramientas y software,Tools and software,Wmatrix,Wmatrix,,,6,3,6,3,,,
word_frequency,término,Estadística y léxico,Statistics and lexicon,word frequency,frecuencia de palabras,,,94,16,16,8,,,
frequency_list,término,Estadística y léxico,Statistics and lexicon,word list,lista de frecuencias,frequency list (202),lista de palabras (46) | wordlist (11),326,23,140,23,,,
word_sense_disambiguation,término,Procesamiento lingüístico,Linguistic processing,word sense disambiguation,desambiguación semántica,WSD (7),desambiguación léxica (3) | word sense disambiguation (6),23,4,13,6,,,
word_sketch,término,Estadística y léxico,Statistics and lexicon,word sketch,word sketch,,,5,2,15,6,,solo préstamo,
wordfast,entidad,Herramientas y software,Tools and software,Wordfast,Wordfast,,,0,0,2,2,,,
wordnet,entidad,Recursos y corpus,Resources and corpora,WordNet,WordNet,,,18,5,39,5,,,
wordsmith_tools,entidad,Herramientas y software,Tools and software,WordSmith Tools,WordSmith Tools,,,9,6,29,6,,,
written_corpus,término,Metodología y diseño,Methodology and design,written corpus,corpus escrito,,,34,10,46,19,,,
xbench,entidad,Herramientas y software,Tools and software,Xbench,Xbench,,,0,0,8,1,,,
xml,término,Tecnología y formatos,Technology and formats,XML,XML,Extensible Markup Language (13),Extensible Markup Language (7),580,23,219,20,,,Extensible Markup Language
z_score,término,Estadística y léxico,Statistics and lexicon,z-score,puntuación z,,z-score (0),2,2,0,0,,propuesta,
zipfs_law,término,Estadística y léxico,Statistics and lexicon,Zipf's law,ley de Zipf,,,12,6,11,4,,,
