lengua,tipo,categoria,termino_tesis,frec_tesis,docs_tesis,frec_sin_normalizar_saltos,frec_forma_exacta,docs_forma_exacta,entrada_glosario,forma_glosario,frec_forma_glosario,docs_forma_glosario,coincide_con
en,término,MET-DI,corpus,13767,50,13767,13762,50,corpus,corpus,18097,50,forma exacta sin normalizar saltos de línea
en,término,MET-DI,type,1048,41,1048,1048,41,type,type,2255,46,forma exacta sin normalizar saltos de línea
en,término,MET-DI,corpus linguistics,2138,47,1740,1770,47,corpus_linguistics,corpus linguistics,1770,47,ninguno
en,término,MET-DI,corpus-based,416,38,416,416,38,corpus_based,corpus-based,416,38,forma exacta sin normalizar saltos de línea
en,término,MET-DI,corpus-driven,31,9,31,31,9,corpus_driven,corpus-driven,31,9,forma exacta sin normalizar saltos de línea
en,término,MET-DI,representativeness,555,22,555,591,22,representativeness,representativeness,591,22,forma exacta sin normalizar saltos de línea
en,término,MET-DI,speech corpus,151,6,151,152,6,speech_corpus,speech corpus,245,6,forma exacta sin normalizar saltos de línea
en,término,MET-DI,text type,266,24,80,80,18,text_type,text type,265,24,ninguno
en,término,MET-DI,corpus design,319,20,317,317,20,corpus_design,corpus design,319,20,forma del glosario (con flexión)
en,término,MET-DI,genre,297,33,297,296,33,genre,genre,494,43,forma exacta sin normalizar saltos de línea
en,término,MET-DI,sampling frame,91,5,79,79,5,sampling_frame,sampling frame,92,5,ninguno
en,término,MET-DI,corpus size,104,13,95,95,12,corpus_size,corpus size,104,13,forma del glosario (con flexión)
en,término,MET-DI,reference corpus,113,20,112,114,19,reference_corpus,reference corpus,128,21,ninguno
en,término,MET-DI,national corpus,189,26,189,194,26,national_corpus,national corpus,200,26,forma exacta sin normalizar saltos de línea
en,término,MET-DI,general corpus,85,7,85,87,7,general_corpus,general corpus,128,10,forma exacta sin normalizar saltos de línea
en,término,MET-DI,corpus building,93,7,93,94,8,corpus_building,corpus building,94,8,forma exacta sin normalizar saltos de línea
en,término,MET-DI,multimodal corpus,33,3,33,33,3,multimodal_corpus,multimodal corpus,61,4,forma exacta sin normalizar saltos de línea
en,término,MET-DI,learner corpus,64,9,64,66,9,learner_corpus,learner corpus,94,11,forma exacta sin normalizar saltos de línea
en,término,MET-DI,monitor corpus,42,7,42,42,7,monitor_corpus,monitor corpus,50,8,forma exacta sin normalizar saltos de línea
en,término,MET-DI,training corpus,31,6,31,31,6,training_corpus,training corpus,35,7,forma exacta sin normalizar saltos de línea
en,término,MET-DI,subcorpus,84,16,84,85,17,subcorpus,subcorpus,168,21,forma exacta sin normalizar saltos de línea
en,término,MET-DI,web corpus,32,6,28,28,6,web_corpus,web corpus,37,7,ninguno
en,término,MET-DI,comparable corpus,38,7,38,39,7,comparable_corpus,comparable corpus,72,13,forma exacta sin normalizar saltos de línea
en,término,MET-DI,annotated corpus,70,10,56,57,10,annotated_corpus,annotated corpus,126,16,ninguno
en,término,MET-DI,multilingual corpus,41,8,39,40,8,multilingual_corpus,multilingual corpus,70,9,ninguno
en,término,MET-DI,corpus compilation,43,15,42,43,16,corpus_building,corpus compilation,43,16,forma exacta
en,término,MET-DI,spoken corpus,63,15,63,63,15,speech_corpus,spoken corpus,121,20,forma exacta sin normalizar saltos de línea
en,término,MET-DI,monolingual corpus,30,3,30,31,3,monolingual_corpus,monolingual corpus,37,3,forma exacta sin normalizar saltos de línea
en,término,MET-DI,diachronic corpus,29,11,29,29,11,diachronic_corpus,diachronic corpus,59,13,forma exacta sin normalizar saltos de línea
en,término,MET-DI,mega corpora,39,3,39,39,3,mega_corpus,mega corpus,46,6,forma exacta sin normalizar saltos de línea
en,término,MET-DI,historical corpus,19,10,19,19,10,historical_corpus,historical corpus,59,15,forma exacta sin normalizar saltos de línea
en,término,MET-DI,specialized corpus,27,12,16,16,6,specialised_corpus,specialized corpus,36,9,ninguno
en,término,MET-DI,balanced corpus,31,10,30,30,9,balanced_corpus,balanced corpus,34,9,ninguno
en,término,MET-DI,web crawling,5,3,5,6,3,web_crawling,web crawling,16,6,forma exacta sin normalizar saltos de línea
en,término,MET-DI,synchronic,94,16,94,94,16,synchronic,synchronic,94,16,forma exacta sin normalizar saltos de línea
en,término,MET-DI,parallel corpus,145,8,145,149,8,parallel_corpus,parallel corpus,323,13,forma exacta sin normalizar saltos de línea
en,término,MET-DI,written corpus,15,9,15,15,9,written_corpus,written corpus,34,10,forma exacta sin normalizar saltos de línea
en,término,MET-DI,sample size,217,9,198,198,9,sample_size,sample size,217,9,forma del glosario (con flexión)
en,término,MET-DI,stratified sampling,5,1,5,5,1,stratified_sampling,stratified sampling,11,2,forma exacta sin normalizar saltos de línea
en,término,MET-DI,query,422,19,422,422,19,query,query,514,17,forma exacta sin normalizar saltos de línea
en,término,MET-DI,concordance,161,18,161,161,18,concordance,concordance,223,22,forma exacta sin normalizar saltos de línea
en,término,MET-DI,concordance lines,16,6,11,11,5,concordance,concordance line,16,6,forma del glosario (con flexión)
en,término,MET-DI,wildcard,16,2,16,16,2,wildcard,wildcard,34,2,forma exacta sin normalizar saltos de línea
en,término,MET-DI,KWIC,41,6,41,41,6,kwic,KWIC,41,6,forma exacta sin normalizar saltos de línea
en,término,MET-DI,corpus queries,45,5,45,46,5,query,corpus query,68,9,forma exacta sin normalizar saltos de línea
en,término,MET-DI,natural language processing,90,24,90,92,24,natural_language_processing,natural language processing,92,24,forma exacta sin normalizar saltos de línea
en,término,MET-DI,computational linguistics,136,26,128,131,25,computational_linguistics,computational linguistics,131,25,ninguno
en,término,PROC-LIN,annotation,1513,38,1513,1516,38,annotation,annotation,1610,38,forma exacta sin normalizar saltos de línea
en,término,PROC-LIN,annotation scheme,126,16,91,91,14,annotation_scheme,annotation scheme,127,15,ninguno
en,término,PROC-LIN,tagset,155,13,155,155,13,tagset,tagset,204,15,forma exacta sin normalizar saltos de línea
en,término,PROC-LIN,word class,37,8,37,37,8,word_class,word class,90,9,forma exacta sin normalizar saltos de línea
en,término,PROC-LIN,accuracy,165,29,165,167,29,accuracy,accuracy,167,29,forma exacta sin normalizar saltos de línea
en,término,PROC-LIN,corpus annotation,132,18,120,122,18,annotation,corpus annotation,134,18,ninguno
en,término,PROC-LIN,recall,107,17,107,107,17,recall,recall,107,17,forma exacta sin normalizar saltos de línea
en,término,PROC-LIN,POS tagging,72,11,72,74,12,pos_tagging,POS tagging,96,16,forma exacta sin normalizar saltos de línea
en,término,PROC-LIN,treebank,105,13,105,105,13,treebank,treebank,129,14,forma exacta sin normalizar saltos de línea
en,término,PROC-LIN,parts of speech,75,16,39,39,11,word_class,part of speech,77,16,ninguno
en,término,PROC-LIN,annotation tools,51,8,39,39,6,annotation_tool,annotation tool,51,8,forma del glosario (con flexión)
en,término,PROC-LIN,markup language,40,9,34,35,10,markup_language,markup language,41,10,ninguno
en,término,PROC-LIN,syntactic annotation,32,7,29,29,7,syntactic_annotation,syntactic annotation,32,7,forma del glosario (con flexión)
en,término,PROC-LIN,semantic annotation,34,12,34,34,12,semantic_annotation,semantic annotation,34,12,forma exacta sin normalizar saltos de línea
en,término,PROC-LIN,gold standard,13,5,13,13,5,gold_standard,gold standard,16,5,forma exacta sin normalizar saltos de línea
en,término,PROC-LIN,morphological annotation,7,2,7,7,2,morphological_annotation,morphological annotation,7,2,forma exacta sin normalizar saltos de línea
en,término,PROC-LIN,part-of-speech tagging,77,15,76,77,14,pos_tagging,part-of-speech tagging,82,15,forma exacta
en,término,PROC-LIN,inter-annotator agreement,21,5,21,21,5,inter_annotator_agreement,inter-annotator agreement,22,5,forma exacta sin normalizar saltos de línea
en,término,PROC-LIN,inter-rater reliability,1,1,1,1,1,inter_annotator_agreement,inter-rater reliability,15,2,forma exacta sin normalizar saltos de línea
en,término,PROC-LIN,inline annotation,2,1,2,2,1,inline_annotation,inline annotation,2,1,forma exacta sin normalizar saltos de línea
en,término,PROC-LIN,token,279,20,279,279,20,token,token,653,30,forma exacta sin normalizar saltos de línea
en,término,PROC-LIN,alignment,153,16,153,153,16,alignment,alignment,157,16,forma exacta sin normalizar saltos de línea
en,término,PROC-LIN,tagger,142,22,142,142,22,tagger,tagger,199,25,forma exacta sin normalizar saltos de línea
en,término,PROC-LIN,concordancer,21,6,21,21,6,concordancer,concordancer,36,8,forma exacta sin normalizar saltos de línea
en,término,PROC-LIN,dataset,122,25,122,122,25,dataset,dataset,178,29,forma exacta sin normalizar saltos de línea
en,término,PROC-LIN,regular expression,148,11,50,55,7,regular_expression,regular expression,154,11,ninguno
en,término,PROC-LIN,stem,40,10,40,40,10,stem,stem,126,17,forma exacta sin normalizar saltos de línea
en,término,PROC-LIN,lemma,89,10,89,89,10,lemma,lemma,145,16,forma exacta sin normalizar saltos de línea
en,término,PROC-LIN,lexeme,40,5,40,40,5,lexeme,lexeme,73,7,forma exacta sin normalizar saltos de línea
en,término,PROC-LIN,clustering,73,4,73,73,4,clustering,clustering,73,4,forma exacta sin normalizar saltos de línea
en,término,PROC-LIN,parsing,54,17,54,54,17,parsing,parsing,54,17,forma exacta sin normalizar saltos de línea
en,término,PROC-LIN,lemmatisation,34,5,34,34,5,lemmatisation,lemmatisation,34,5,forma exacta sin normalizar saltos de línea
en,término,PROC-LIN,tokenisation,25,5,25,25,5,tokenization,tokenisation,25,5,forma exacta sin normalizar saltos de línea
en,término,PROC-LIN,word sense disambiguation,15,4,15,16,4,word_sense_disambiguation,word sense disambiguation,16,4,forma exacta sin normalizar saltos de línea
en,término,PROC-LIN,segmentation,28,14,28,28,14,segmentation,segmentation,28,14,forma exacta sin normalizar saltos de línea
en,término,PROC-LIN,text mining,12,6,12,12,6,text_mining,text mining,12,6,forma exacta sin normalizar saltos de línea
en,término,PROC-LIN,dependency parsing,5,4,5,5,4,dependency_parsing,dependency parsing,5,4,forma exacta sin normalizar saltos de línea
en,término,PROC-LIN,named entity recognition,3,3,3,3,3,named_entity_recognition,named entity recognition,3,3,forma exacta sin normalizar saltos de línea
en,término,EST-LEX,frequency,1667,40,1667,1667,40,frequency,frequency,2215,41,forma exacta sin normalizar saltos de línea
en,término,EST-LEX,sample,1127,31,1127,1129,31,sample,sample,1790,35,forma exacta sin normalizar saltos de línea
en,término,EST-LEX,probability,380,17,380,385,17,probability,probability,501,19,forma exacta sin normalizar saltos de línea
en,término,EST-LEX,range,584,37,584,584,37,range,range,584,37,forma exacta sin normalizar saltos de línea
en,término,EST-LEX,dispersion,329,16,329,329,16,dispersion,dispersion,329,16,forma exacta sin normalizar saltos de línea
en,término,EST-LEX,occurrence,308,24,308,308,24,occurrence,occurrence,463,32,forma exacta sin normalizar saltos de línea
en,término,EST-LEX,population,286,16,286,286,16,population,population,307,17,forma exacta sin normalizar saltos de línea
en,término,EST-LEX,association measures,102,6,80,82,6,association_measure,association measure,105,6,ninguno
en,término,EST-LEX,descriptive statistics,55,8,55,56,8,descriptive_statistics,descriptive statistics,56,8,forma exacta sin normalizar saltos de línea
en,término,EST-LEX,relative frequency,28,9,25,25,9,relative_frequency,relative frequency,57,12,ninguno
en,término,EST-LEX,raw frequency,10,3,10,10,3,raw_frequency,raw frequency,36,7,forma exacta sin normalizar saltos de línea
en,término,EST-LEX,mutual information,31,9,31,33,9,mutual_information,mutual information,33,9,forma exacta sin normalizar saltos de línea
en,término,EST-LEX,inferential statistics,22,6,18,19,6,inferential_statistics,inferential statistics,19,6,ninguno
en,término,EST-LEX,absolute frequency,5,2,5,5,2,raw_frequency,absolute frequency,16,3,forma exacta sin normalizar saltos de línea
en,término,EST-LEX,chi-squared,46,8,43,43,7,chi_squared,chi-squared,43,7,ninguno
en,término,EST-LEX,log-likelihood,39,12,39,39,12,log_likelihood,log-likelihood,39,12,forma exacta sin normalizar saltos de línea
en,término,EST-LEX,standard deviation,121,14,100,102,13,standard_deviation,standard deviation,123,14,ninguno
en,término,EST-LEX,statistical significance,34,10,34,43,12,statistical_significance,statistical significance,43,12,forma exacta sin normalizar saltos de línea
en,término,EST-LEX,confidence interval,46,6,37,43,3,confidence_interval,confidence interval,54,7,ninguno
en,término,EST-LEX,t-score,15,3,15,15,3,t_score,t-score,16,3,forma exacta sin normalizar saltos de línea
en,término,EST-LEX,mean score,77,2,56,56,2,mean_score,mean score,77,2,forma del glosario (con flexión)
en,término,EST-LEX,z-score,1,1,1,1,1,z_score,z-score,2,2,forma exacta sin normalizar saltos de línea
en,término,EST-LEX,deviation of proportions,2,2,2,2,2,deviation_of_proportions,deviation of proportions,2,2,forma exacta sin normalizar saltos de línea
en,término,EST-LEX,normalized frequency,10,5,5,5,3,normalized_frequency,normalized frequency,10,4,forma del glosario (con flexión)
en,término,EST-LEX,effect size,60,8,47,47,6,effect_size,effect size,60,8,forma del glosario (con flexión)
en,término,EST-LEX,keyword,337,16,337,337,16,keyword,keyword,785,36,forma exacta sin normalizar saltos de línea
en,término,EST-LEX,collocation,260,19,260,265,19,collocation,collocation,409,22,forma exacta sin normalizar saltos de línea
en,término,EST-LEX,collocate,95,9,95,95,9,collocate,collocate,320,11,forma exacta sin normalizar saltos de línea
en,término,EST-LEX,frequency list,201,15,105,105,9,frequency_list,frequency list,202,15,ninguno
en,término,EST-LEX,grammar,423,29,423,424,29,grammar,grammar,492,29,forma exacta sin normalizar saltos de línea
en,término,EST-LEX,keyword analysis,139,12,116,117,10,keyword_analysis,keyword analysis,130,11,ninguno
en,término,EST-LEX,word list,96,14,53,53,9,frequency_list,word list,124,18,ninguno
en,término,EST-LEX,word frequency,61,15,60,61,15,word_frequency,word frequency,94,16,forma exacta
en,término,EST-LEX,function word,88,13,9,9,5,function_word,function word,89,13,ninguno
en,término,EST-LEX,hapax legomena,67,7,67,67,7,hapax_legomenon,hapax legomenon,77,7,forma exacta sin normalizar saltos de línea
en,término,EST-LEX,content words,38,10,31,31,10,content_word,content word,38,10,forma del glosario (con flexión)
en,término,EST-LEX,keyness,86,8,86,86,8,keyness,keyness,86,8,forma exacta sin normalizar saltos de línea
en,término,EST-LEX,lexical bundles,47,5,44,45,5,lexical_bundle,lexical bundle,48,5,ninguno
en,término,EST-LEX,node word,18,5,17,17,5,node_word,node word,18,5,forma del glosario (con flexión)
en,término,EST-LEX,semantic prosody,29,3,29,29,3,semantic_prosody,semantic prosody,30,3,forma exacta sin normalizar saltos de línea
en,término,EST-LEX,colligation,15,4,15,15,4,colligation,colligation,33,4,forma exacta sin normalizar saltos de línea
en,término,EST-LEX,collocational strength,6,4,2,2,2,collocational_strength,collocational strength,2,2,ninguno
en,término,EST-LEX,stopword,4,2,4,4,2,stopword,stopword,11,5,forma exacta sin normalizar saltos de línea
en,término,EST-LEX,phraseology,13,7,13,13,7,phraseology,phraseology,13,7,forma exacta sin normalizar saltos de línea
en,término,EST-LEX,formulaic language,8,4,8,8,4,formulaic_language,formulaic language,8,4,forma exacta sin normalizar saltos de línea
en,término,EST-LEX,n-gram,37,6,37,37,6,n_gram,n-gram,80,9,forma exacta sin normalizar saltos de línea
en,término,EST-LEX,type-token ratio,11,3,11,11,3,ttr,type-token ratio,22,5,forma exacta sin normalizar saltos de línea
en,término,EST-LEX,lexico-grammar,4,3,4,4,3,lexico_grammar,lexico-grammar,7,6,forma exacta sin normalizar saltos de línea
en,término,EST-LEX,semantic preference,2,1,2,2,1,semantic_preference,semantic preference,3,2,forma exacta sin normalizar saltos de línea
en,término,EST-LEX,multiword expression,1,1,1,1,1,multiword_expression,multiword expression,8,4,forma exacta sin normalizar saltos de línea
en,término,TEC-FOR,XML,567,23,567,567,23,xml,XML,567,23,forma exacta sin normalizar saltos de línea
en,término,TEC-FOR,metadata,251,24,251,251,24,metadata,metadata,251,24,forma exacta sin normalizar saltos de línea
en,término,TEC-FOR,header,94,7,94,94,7,header,header,111,7,forma exacta sin normalizar saltos de línea
en,término,TEC-FOR,encoding,143,16,143,143,16,encoding,encoding,160,16,forma exacta sin normalizar saltos de línea
en,término,TEC-FOR,HTML,221,27,221,221,27,html,HTML,221,27,forma exacta sin normalizar saltos de línea
en,término,TEC-FOR,plain text,42,10,36,36,10,plain_text,plain text,36,10,ninguno
en,término,TEC-FOR,UTF-8,75,6,75,75,6,utf_8,UTF-8,75,6,forma exacta sin normalizar saltos de línea
en,término,TEC-FOR,SGML,64,9,64,64,9,sgml,SGML,64,9,forma exacta sin normalizar saltos de línea
en,término,TEC-FOR,TEI,60,12,60,60,12,tei,TEI,60,12,forma exacta sin normalizar saltos de línea
en,término,TEC-FOR,unicode,59,10,59,59,10,unicode,unicode,59,10,forma exacta sin normalizar saltos de línea
es,término,MET-DI,corpus,11749,50,11750,11791,50,corpus,corpus,12386,50,ninguno
es,término,MET-DI,lingüística de corpus,690,47,690,728,48,corpus_linguistics,lingüística de corpus,728,48,forma exacta sin normalizar saltos de línea
es,término,MET-DI,corpus de referencia,195,31,195,207,32,reference_corpus,corpus de referencia,207,32,forma exacta sin normalizar saltos de línea
es,término,MET-DI,representatividad,223,34,223,229,34,representativeness,representatividad,229,34,forma exacta sin normalizar saltos de línea
es,término,MET-DI,corpus paralelo,130,17,130,135,18,parallel_corpus,corpus paralelo,276,26,forma exacta sin normalizar saltos de línea
es,término,MET-DI,corpus diacrónico,96,26,92,100,26,diachronic_corpus,corpus diacrónico,166,30,ninguno
es,término,MET-DI,equilibrio,96,23,96,96,23,balance,equilibrio,96,23,forma exacta sin normalizar saltos de línea
es,término,MET-DI,corpus de aprendices,41,12,41,43,12,learner_corpus,corpus de aprendices,43,12,forma exacta sin normalizar saltos de línea
es,término,MET-DI,web as corpus,40,8,40,44,9,web_as_corpus,web as corpus,44,9,forma exacta sin normalizar saltos de línea
es,término,MET-DI,corpus comparables,40,12,40,43,12,comparable_corpus,corpus comparable,66,15,forma exacta sin normalizar saltos de línea
es,término,MET-DI,monitor,44,13,44,44,13,monitor_corpus,monitor,19,7,forma exacta sin normalizar saltos de línea
es,término,MET-DI,corpus especializado,32,12,32,33,12,specialised_corpus,corpus especializado,74,18,forma exacta sin normalizar saltos de línea
es,término,MET-DI,corpus multilingüe,27,11,26,28,12,multilingual_corpus,corpus multilingüe,53,16,ninguno
es,término,MET-DI,lingüística de corpus computacional,13,2,13,13,2,computational_corpus_linguistics,lingüística de corpus computacional,13,2,forma exacta sin normalizar saltos de línea
es,término,MET-DI,corpus general,25,11,25,25,11,general_corpus,corpus general,72,18,forma exacta sin normalizar saltos de línea
es,término,MET-DI,corpus virtual,23,9,23,23,9,virtual_corpus,corpus virtual,43,13,forma exacta sin normalizar saltos de línea
es,término,MET-DI,corpus bilingüe,16,7,16,16,7,bilingual_corpus,corpus bilingüe,30,11,forma exacta sin normalizar saltos de línea
es,término,MET-DI,unidad de muestra,9,1,9,9,1,sampling_unit,unidad de muestra,9,1,forma exacta sin normalizar saltos de línea
es,término,MET-DI,corpus monitor,11,6,11,11,6,monitor_corpus,corpus monitor,11,6,forma exacta sin normalizar saltos de línea
es,término,MET-DI,ETBC,10,2,10,10,2,corpus_based_translation_studies,ETBC,10,2,forma exacta sin normalizar saltos de línea
es,término,MET-DI,corpus sincrónico,10,7,9,10,7,synchronic_corpus,corpus sincrónico,16,9,forma exacta
es,término,MET-DI,megacorpus,8,3,8,8,3,mega_corpus,megacorpus,10,4,forma exacta sin normalizar saltos de línea
es,término,MET-DI,web for corpus,5,2,5,5,2,web_for_corpus,web for corpus,5,2,forma exacta sin normalizar saltos de línea
es,término,MET-DI,corpus telemático,5,1,5,5,1,telematic_corpus,corpus telemático,7,1,forma exacta sin normalizar saltos de línea
es,término,MET-DI,corpus oportunista,3,3,3,3,3,opportunistic_corpus,corpus oportunista,8,5,forma exacta sin normalizar saltos de línea
es,término,MET-DI,corpus estático,2,2,2,2,2,static_corpus,corpus estático,3,2,forma exacta sin normalizar saltos de línea
es,término,PROC-LIN,lematización,101,23,94,102,23,lemmatisation,lematización,102,23,ninguno
es,término,PROC-LIN,alineación,97,14,90,97,14,alignment,alineación,101,14,forma exacta
es,término,PROC-LIN,concordancia,69,23,69,70,23,concordance,concordancia,347,32,forma exacta sin normalizar saltos de línea
es,término,PROC-LIN,anotación semántica,35,8,27,36,8,semantic_annotation,anotación semántica,36,8,ninguno
es,término,PROC-LIN,transcriptor,26,2,26,26,2,transcriber,transcriptor,26,2,forma exacta sin normalizar saltos de línea
es,término,PROC-LIN,etiquetado morfosintáctico,25,8,22,25,8,pos_tagging,etiquetado morfosintáctico,25,8,forma exacta
es,término,PROC-LIN,lingüística computacional de corpus,12,2,12,12,2,corpus_based_computational_linguistics,lingüística computacional de corpus,12,2,forma exacta sin normalizar saltos de línea
es,término,PROC-LIN,tokenización,13,6,13,13,6,tokenization,tokenización,13,6,forma exacta sin normalizar saltos de línea
es,término,PROC-LIN,anotación pragmática,10,5,4,10,5,pragmatic_annotation,anotación pragmática,10,5,forma exacta
es,término,PROC-LIN,KWIC,9,8,8,8,7,kwic,KWIC,8,7,ninguno
es,término,PROC-LIN,UKB,6,2,6,6,2,ukb,UKB,6,2,forma exacta sin normalizar saltos de línea
es,término,PROC-LIN,LESK,4,2,4,4,2,lesk_algorithm,Lesk,2,2,forma exacta sin normalizar saltos de línea
es,término,PROC-LIN,desambiguación morfosintáctica,3,3,3,3,3,pos_disambiguation,desambiguación morfosintáctica,3,3,forma exacta sin normalizar saltos de línea
es,término,EST-LEX,keywords,45,23,45,45,23,keyword,keyword,51,24,forma exacta sin normalizar saltos de línea
es,término,EST-LEX,frecuencia absoluta,35,10,35,36,10,raw_frequency,frecuencia absoluta,53,10,forma exacta sin normalizar saltos de línea
es,término,EST-LEX,n-gramas,33,8,33,33,8,n_gram,n-grama,36,9,forma exacta sin normalizar saltos de línea
es,término,EST-LEX,TTR,31,3,31,31,3,ttr,TTR,31,3,forma exacta sin normalizar saltos de línea
es,término,EST-LEX,frecuencia relativa,27,8,27,28,8,relative_frequency,frecuencia relativa,46,9,forma exacta sin normalizar saltos de línea
es,término,EST-LEX,ley de Zipf,11,4,11,11,4,zipfs_law,ley de Zipf,11,4,forma exacta sin normalizar saltos de línea
es,término,EST-LEX,medias móviles,14,1,14,14,1,moving_average,media móvil,16,1,forma exacta sin normalizar saltos de línea
es,término,EST-LEX,word sketch,13,5,13,14,6,word_sketch,word sketch,15,6,forma exacta sin normalizar saltos de línea
es,término,EST-LEX,wordlist,7,3,7,7,3,frequency_list,wordlist,11,5,forma exacta sin normalizar saltos de línea
es,término,EST-LEX,índice normalizado de dispersión,3,1,3,3,1,normalized_dispersion_index,índice normalizado de dispersión,3,1,forma exacta sin normalizar saltos de línea
es,término,EST-LEX,lista de frecuencia,3,3,3,3,3,frequency_list,lista de frecuencias,83,17,forma exacta sin normalizar saltos de línea
es,término,EST-LEX,frecuencia por millón de palabras,2,1,2,2,1,frequency_per_million_words,frecuencia por millón de palabras,6,3,forma exacta sin normalizar saltos de línea
es,término,EST-LEX,keyness,2,2,2,2,2,keyness,keyness,2,2,forma exacta sin normalizar saltos de línea
es,término,TEC-FOR,EAGLES,38,11,38,38,11,eagles,EAGLES,38,11,forma exacta sin normalizar saltos de línea
es,término,TEC-FOR,Universal Dependencies,6,3,6,6,3,universal_dependencies,Universal Dependencies,6,3,forma exacta sin normalizar saltos de línea
es,término,TEC-FOR,Universal POS,2,2,2,2,2,universal_pos,Universal POS,2,2,forma exacta sin normalizar saltos de línea
en,entidad,REC-COR,BNC,815,22,815,815,22,bnc,BNC,815,22,forma exacta sin normalizar saltos de línea
en,entidad,REC-COR,Brown Corpus,215,16,214,214,15,brown_corpus,Brown Corpus,214,15,ninguno
en,entidad,REC-COR,LOB Corpus,141,8,123,123,7,lob,LOB Corpus,123,7,ninguno
en,entidad,REC-COR,British National Corpus,114,22,114,121,23,bnc,British National Corpus,121,23,forma exacta sin normalizar saltos de línea
en,entidad,REC-COR,Helsinki Corpus,45,9,45,47,10,helsinki_corpus,Helsinki Corpus,47,10,forma exacta sin normalizar saltos de línea
en,entidad,REC-COR,Penn Treebank,41,9,41,41,9,penn_treebank,Penn Treebank,41,9,forma exacta sin normalizar saltos de línea
en,entidad,REC-COR,GloWbE,37,4,37,37,4,glowbe,GloWbE,37,4,forma exacta sin normalizar saltos de línea
en,entidad,REC-COR,LOB,304,11,304,304,11,lob,LOB,181,11,forma exacta sin normalizar saltos de línea
en,entidad,REC-COR,International Corpus of English,51,14,51,52,14,international_corpus_of_english,International Corpus of English,52,14,forma exacta sin normalizar saltos de línea
en,entidad,REC-COR,COHA,67,9,67,67,9,coha,COHA,67,9,forma exacta sin normalizar saltos de línea
en,entidad,REC-COR,Corpus of Contemporary American English,46,9,45,49,9,coca,Corpus of Contemporary American English,49,9,ninguno
en,entidad,REC-COR,Bank of English,47,5,47,47,5,bank_of_english,Bank of English,47,5,forma exacta sin normalizar saltos de línea
en,entidad,REC-COR,MICASE,30,5,30,30,5,micase,MICASE,30,5,forma exacta sin normalizar saltos de línea
en,entidad,REC-COR,BNCWeb,188,4,188,188,4,bncweb,BNCWeb,188,4,forma exacta sin normalizar saltos de línea
en,entidad,REC-COR,COCA,291,13,291,291,13,coca,COCA,291,13,forma exacta sin normalizar saltos de línea
en,entidad,HER-SOFT,CLAWS,106,13,106,106,13,claws,CLAWS,106,13,forma exacta sin normalizar saltos de línea
en,entidad,HER-SOFT,Sketch Engine,25,8,23,24,8,sketch_engine,Sketch Engine,24,8,ninguno
en,entidad,HER-SOFT,WordSmith Tools,9,6,9,9,6,wordsmith_tools,WordSmith Tools,9,6,forma exacta sin normalizar saltos de línea
en,entidad,HER-SOFT,TreeTagger,59,7,59,59,7,treetagger,TreeTagger,59,7,forma exacta sin normalizar saltos de línea
en,entidad,HER-SOFT,CQPweb,21,7,21,21,7,cqpweb,CQPweb,21,7,forma exacta sin normalizar saltos de línea
en,entidad,HER-SOFT,Perl,70,6,70,70,6,perl,Perl,70,6,forma exacta sin normalizar saltos de línea
en,entidad,HER-SOFT,CWB,6,5,6,6,5,cwb,CWB,6,5,forma exacta sin normalizar saltos de línea
en,entidad,HER-SOFT,NLTK,7,3,7,7,3,nltk,NLTK,7,3,forma exacta sin normalizar saltos de línea
en,entidad,HER-SOFT,Wmatrix,6,3,6,6,3,wmatrix,Wmatrix,6,3,forma exacta sin normalizar saltos de línea
en,entidad,HER-SOFT,AntConc,138,9,138,138,9,antconc,AntConc,138,9,forma exacta sin normalizar saltos de línea
es,entidad,REC-COR,CREA,377,36,377,376,36,crea,CREA,337,30,forma exacta sin normalizar saltos de línea
es,entidad,REC-COR,CORDE,324,27,324,324,27,corde,CORDE,310,24,forma exacta sin normalizar saltos de línea
es,entidad,REC-COR,CDH,104,12,104,104,12,cdh,CDH,100,11,forma exacta sin normalizar saltos de línea
es,entidad,REC-COR,PRESEEA,99,14,101,101,14,preseea,PRESEEA,101,14,ninguno
es,entidad,REC-COR,CAES,90,8,90,90,8,caes,CAES,80,8,forma exacta sin normalizar saltos de línea
es,entidad,REC-COR,CORPES XXI,76,15,76,77,15,corpes_xxi,CORPES XXI,77,15,forma exacta sin normalizar saltos de línea
es,entidad,REC-COR,IULA,69,12,76,76,12,iula,IULA,69,12,forma del glosario (con flexión)
es,entidad,REC-COR,Brown Corpus,54,15,54,55,15,brown_corpus,Brown Corpus,65,17,forma exacta sin normalizar saltos de línea
es,entidad,REC-COR,Val.Es.Co,51,11,51,51,11,valesco,Val.Es.Co,51,11,forma exacta sin normalizar saltos de línea
es,entidad,REC-COR,CEMC,44,10,44,44,10,cemc,CEMC,44,10,forma exacta sin normalizar saltos de línea
es,entidad,REC-COR,BNC,40,12,40,40,12,bnc,BNC,40,12,forma exacta sin normalizar saltos de línea
es,entidad,REC-COR,WordNet,39,5,39,39,5,wordnet,WordNet,39,5,forma exacta sin normalizar saltos de línea
es,entidad,REC-COR,COBUILD,35,15,35,35,15,cobuild,COBUILD,35,15,forma exacta sin normalizar saltos de línea
es,entidad,REC-COR,CHARTA,33,10,33,33,10,charta,CHARTA,33,10,forma exacta sin normalizar saltos de línea
es,entidad,REC-COR,CORLEC,32,10,32,32,10,corlec,CORLEC,32,10,forma exacta sin normalizar saltos de línea
es,entidad,REC-COR,Survey of English Usage,16,9,16,17,9,seu,Survey of English Usage,17,9,forma exacta sin normalizar saltos de línea
es,entidad,REC-COR,CEDEL2,27,9,27,27,9,cedel2,CEDEL2,27,9,forma exacta sin normalizar saltos de línea
es,entidad,REC-COR,CODEA+ 2015,24,4,24,24,4,,,,,forma exacta sin normalizar saltos de línea
es,entidad,REC-COR,C-ORAL-ROM,21,8,21,21,8,c_oral_rom,C-ORAL-ROM,21,8,forma exacta sin normalizar saltos de línea
es,entidad,REC-COR,OPUS,19,6,19,19,6,opus,OPUS,11,5,forma exacta sin normalizar saltos de línea
es,entidad,REC-COR,CLEAE,15,1,15,15,1,cleae,CLEAE,15,1,forma exacta sin normalizar saltos de línea
es,entidad,REC-COR,Europarl,15,6,15,15,6,europarl,Europarl,15,6,forma exacta sin normalizar saltos de línea
es,entidad,REC-COR,esTenTen18,14,5,14,14,5,estenten,esTenTen18,53,14,forma exacta sin normalizar saltos de línea
es,entidad,REC-COR,SPLLOC,14,5,14,14,5,splloc,SPLLOC,14,5,forma exacta sin normalizar saltos de línea
es,entidad,REC-COR,MUST,13,7,13,13,7,must,MUST,4,2,forma exacta sin normalizar saltos de línea
es,entidad,REC-COR,ODE,10,2,10,10,2,ode,ODE,8,2,forma exacta sin normalizar saltos de línea
es,entidad,REC-COR,London-Lund Corpus,10,6,10,10,6,llc,London-Lund Corpus,10,6,forma exacta sin normalizar saltos de línea
es,entidad,REC-COR,Survey of Spoken English,5,4,5,5,4,sse,Survey of Spoken English,5,4,forma exacta sin normalizar saltos de línea
es,entidad,REC-COR,ACTRES,9,3,9,9,3,actres,ACTRES,9,3,forma exacta sin normalizar saltos de línea
es,entidad,REC-COR,SPT,9,2,9,9,2,spt,SPT,7,2,forma exacta sin normalizar saltos de línea
es,entidad,REC-COR,CORLEXIN,9,2,9,9,2,corlexin,CorLexIn,9,2,forma exacta sin normalizar saltos de línea
es,entidad,REC-COR,MULTINOT,7,3,7,8,3,multinot,MULTINOT,8,3,forma exacta sin normalizar saltos de línea
es,entidad,REC-COR,ECPC,6,2,6,6,2,ecpc,ECPC,6,2,forma exacta sin normalizar saltos de línea
es,entidad,REC-COR,GENTT,6,4,6,6,4,gentt,GENTT,6,4,forma exacta sin normalizar saltos de línea
es,entidad,REC-COR,MELLANGE,6,2,6,6,2,mellange,MeLLANGE,6,2,forma exacta sin normalizar saltos de línea
es,entidad,REC-COR,BIDTEA,6,2,6,6,2,bidtea,BiDTEA,6,2,forma exacta sin normalizar saltos de línea
es,entidad,REC-COR,COHA,5,3,5,5,3,coha,COHA,5,3,forma exacta sin normalizar saltos de línea
es,entidad,REC-COR,CATE,5,4,5,4,3,cate,CATE,4,3,forma exacta sin normalizar saltos de línea
es,entidad,REC-COR,LETRAC,4,2,4,4,2,letrac,LETRAC,4,2,forma exacta sin normalizar saltos de línea
es,entidad,REC-COR,CdE-Web,3,1,3,3,1,cde_web,CdE-Web,3,1,forma exacta sin normalizar saltos de línea
es,entidad,REC-COR,CORANE,3,2,3,3,2,corane,CORANE,3,2,forma exacta sin normalizar saltos de línea
es,entidad,REC-COR,Global Voices,3,2,3,3,2,global_voices,Global Voices,3,2,forma exacta sin normalizar saltos de línea
es,entidad,REC-COR,COCA,3,3,3,3,3,coca,COCA,3,3,forma exacta sin normalizar saltos de línea
es,entidad,REC-COR,CdE-NOW,2,1,2,2,1,cde_now,CdE-NOW,2,1,forma exacta sin normalizar saltos de línea
es,entidad,REC-COR,COWS-L2H,2,1,2,2,1,cows_l2h,COWS-L2H,2,1,forma exacta sin normalizar saltos de línea
es,entidad,REC-COR,FonoELE,2,2,2,2,2,fono_ele,Fono.Ele,7,2,forma exacta sin normalizar saltos de línea
es,entidad,REC-COR,GloWbE,2,2,2,2,2,glowbe,GloWbE,2,2,forma exacta sin normalizar saltos de línea
es,entidad,REC-COR,LANGSNAP,2,1,2,2,1,langsnap,LANGSNAP,2,1,forma exacta sin normalizar saltos de línea
es,entidad,REC-COR,CORESPI,1,1,1,1,1,corespi,CORESPI,1,1,forma exacta sin normalizar saltos de línea
es,entidad,REC-COR,ELEACTAR,1,1,1,1,1,eleactar,ELEACTAR,1,1,forma exacta sin normalizar saltos de línea
es,entidad,REC-COR,Lancaster-Oslo-Bergen Corpus,1,1,1,1,1,lob,Lancaster-Oslo/Bergen,12,8,forma exacta sin normalizar saltos de línea
es,entidad,REC-COR,Macrocorpus sociolingüístico,1,1,1,1,1,,,,,forma exacta sin normalizar saltos de línea
es,entidad,HER-SOFT,FreeLing,119,13,119,121,13,freeling,FreeLing,121,13,forma exacta sin normalizar saltos de línea
es,entidad,HER-SOFT,Sketch Engine,113,16,113,118,16,sketch_engine,Sketch Engine,118,16,forma exacta sin normalizar saltos de línea
es,entidad,HER-SOFT,BootCaT,61,5,61,61,5,bootcat,BootCaT,61,5,forma exacta sin normalizar saltos de línea
es,entidad,HER-SOFT,TreeTagger,59,9,59,59,9,treetagger,TreeTagger,59,9,forma exacta sin normalizar saltos de línea
es,entidad,HER-SOFT,AntConc,36,10,36,36,10,antconc,AntConc,36,10,forma exacta sin normalizar saltos de línea
es,entidad,HER-SOFT,Gensim,32,2,32,34,2,gensim,Gensim,34,2,forma exacta sin normalizar saltos de línea
es,entidad,HER-SOFT,WordSmith Tools,28,6,28,29,6,wordsmith_tools,WordSmith Tools,29,6,forma exacta sin normalizar saltos de línea
es,entidad,HER-SOFT,GRAMPAL,24,2,24,24,2,grampal,Grampal,24,2,forma exacta sin normalizar saltos de línea
es,entidad,HER-SOFT,IMS Open Corpus Workbench,12,2,12,12,2,cwb,Corpus Workbench,18,4,forma exacta sin normalizar saltos de línea
es,entidad,HER-SOFT,Stanza,20,2,20,20,2,stanza,Stanza,16,2,forma exacta sin normalizar saltos de línea
es,entidad,HER-SOFT,SDL Trados Studio,11,1,11,16,1,trados,SDL Trados Studio,17,1,forma exacta sin normalizar saltos de línea
es,entidad,HER-SOFT,MALLET,16,2,16,18,2,mallet,MALLET,18,2,forma exacta sin normalizar saltos de línea
es,entidad,HER-SOFT,Trados,24,5,25,24,4,trados,Trados,7,3,forma exacta
es,entidad,HER-SOFT,TagAnt,11,3,11,11,3,tagant,TagAnt,11,3,forma exacta sin normalizar saltos de línea
es,entidad,HER-SOFT,taggers,11,3,11,13,3,,,,,forma exacta sin normalizar saltos de línea
es,entidad,HER-SOFT,CQP,10,2,10,10,2,cqp,CQP,10,2,forma exacta sin normalizar saltos de línea
es,entidad,HER-SOFT,IXA,8,2,8,8,2,ixa_pipes,IXA,4,2,forma exacta sin normalizar saltos de línea
es,entidad,HER-SOFT,Xbench,8,1,8,8,1,xbench,Xbench,8,1,forma exacta sin normalizar saltos de línea
es,entidad,HER-SOFT,rtweet,6,1,6,6,1,rtweet,rtweet,6,1,forma exacta sin normalizar saltos de línea
es,entidad,HER-SOFT,Wmatrix,6,3,6,6,3,wmatrix,Wmatrix,6,3,forma exacta sin normalizar saltos de línea
es,entidad,HER-SOFT,LF Aligner,5,3,4,5,3,lf_aligner,LF Aligner,5,3,forma exacta
es,entidad,HER-SOFT,T-Hoarder,5,1,5,5,1,t_hoarder,T-Hoarder,5,1,forma exacta sin normalizar saltos de línea
es,entidad,HER-SOFT,NLTK,4,4,4,4,4,nltk,NLTK,4,4,forma exacta sin normalizar saltos de línea
es,entidad,HER-SOFT,Transit,5,3,5,5,3,transit,Transit,3,3,forma exacta sin normalizar saltos de línea
es,entidad,HER-SOFT,Bitext2tmx,3,2,3,3,2,bitext2tmx,Bitext2tmx,3,2,forma exacta sin normalizar saltos de línea
es,entidad,HER-SOFT,ChoRus,3,1,3,3,1,chorus,Chorus,3,1,forma exacta sin normalizar saltos de línea
es,entidad,HER-SOFT,Gephi,3,1,3,3,1,gephi,Gephi,3,1,forma exacta sin normalizar saltos de línea
es,entidad,HER-SOFT,ConcGram,2,1,2,2,1,concgram,ConcGram,3,2,forma exacta sin normalizar saltos de línea
es,entidad,HER-SOFT,DMI-TCAT,2,1,2,2,1,dmi_tcat,DMI-TCAT,4,1,forma exacta sin normalizar saltos de línea
es,entidad,HER-SOFT,GDEX,2,1,2,2,1,gdex,GDEX,2,1,forma exacta sin normalizar saltos de línea
es,entidad,HER-SOFT,GenEx,2,1,2,2,1,genex,GenEx,2,1,forma exacta sin normalizar saltos de línea
es,entidad,HER-SOFT,MultiTrans,2,2,2,2,2,multitrans,MultiTrans,2,2,forma exacta sin normalizar saltos de línea
es,entidad,HER-SOFT,Star Transit,2,2,2,2,2,transit,Star Transit,2,2,forma exacta sin normalizar saltos de línea
es,entidad,HER-SOFT,Tweepy,2,1,2,2,1,tweepy,Tweepy,2,1,forma exacta sin normalizar saltos de línea
es,entidad,HER-SOFT,Wordfast,2,2,2,2,2,wordfast,Wordfast,2,2,forma exacta sin normalizar saltos de línea
es,entidad,HER-SOFT,align,2,2,2,2,2,,,,,forma exacta sin normalizar saltos de línea
es,entidad,HER-SOFT,AntPConc,2,2,2,2,2,antpconc,AntPConc,2,2,forma exacta sin normalizar saltos de línea
es,entidad,HER-SOFT,Notepad++,1,1,5,5,3,notepad_plus_plus,Notepad++,5,3,ninguno
es,entidad,HER-SOFT,Pencil,1,1,1,1,1,pencil,PENCIL,1,1,forma exacta sin normalizar saltos de línea
es,entidad,HER-SOFT,Stanford Parser,1,1,1,1,1,stanford_parser,Stanford Parser,1,1,forma exacta sin normalizar saltos de línea
es,entidad,HER-SOFT,Stingray,1,1,1,1,1,stingray,Stingray,1,1,forma exacta sin normalizar saltos de línea
